test_year,feature,coefficient
2023,intercept,-1.472864380023687
2023,stock_score,-0.110753250967453
2023,log_news_count,-0.0034653370582533637
2023,log_event_count,-0.016698432883945798
2023,strength_component,-0.05378295213450251
2023,event_component,0.030281655866036535
2023,novelty_component,-0.07416452623072571
2023,credibility_component,0.0157087737905354
2023,confidence_component,-0.020374391902434397
2023,mean_impact,-0.03223068395269252
2023,mean_novelty,0.011325520333681007
2023,mean_credibility,0.06670163015330906
2023,mean_confidence,0.06006382615834127
2023,score_rank_pct,-0.03805692044578397
2023,pre_5d_excess_return,-0.071955341496022
2023,pre_20d_excess_return,-0.0838611125229724
2023,short_long_excess_gap,0.015225576638338083
2023,event_density,0.09791912363195804
2023,event_z,-0.008740076679078513
2023,price_expectation_z,0.07227431580435899
2023,event_expectation_interaction,0.012471783701929388
2023,industry_pre_5d_excess_return,-0.05115924090211704
2023,industry_pre_20d_excess_return,-0.0380529694590867
2023,stock_minus_industry_pre_5d_excess,-0.058465537724965856
2023,stock_minus_industry_pre_20d_excess,-0.04767785623146028
2023,industry_pre_5d_excess_z,0.07951677394946143
2023,industry_pre_20d_excess_z,0.087577006829562
2023,industry_surprise_score,0.060342049713857086
2023,industry_price_available,-0.025227574054261567
2023,industry_mapping_proxy,-0.08329705736394909
2023,industry_known,-0.043606441514231355
2023,industry_category_00,0.01722064034910107
2023,industry_category_01,-0.04110699287091767
2023,industry_category_02,0.0068705763734902255
2023,industry_category_03,-0.04285172155032813
2023,industry_category_04,-0.0012475306122188231
2023,industry_category_05,0.037326578873478164
2023,industry_category_06,-0.025083167025945294
2023,industry_category_07,-0.09504781333660516
2023,industry_category_08,0.0
2023,industry_category_09,-0.12953217109488657
2023,industry_category_10,-0.10514174293219702
2023,industry_category_11,-8.152760528715873e-05
2023,industry_category_12,-0.06520707098761244
2023,industry_category_13,0.023530844400125043
2023,industry_category_14,0.0
2023,industry_category_15,0.02698627333962466
2023,industry_category_16,0.008630992681132642
2023,industry_category_17,0.02418644473220355
2023,industry_category_18,0.0
2023,industry_category_19,0.0
2023,industry_category_20,0.10988000287720016
2023,industry_category_21,0.06549203661973196
2023,industry_category_22,0.016519682826488424
2023,industry_category_23,-0.08026632988892182
2023,industry_category_24,0.03709231836560175
2023,industry_category_25,0.14176103810869495
2024,intercept,-1.2865413546667286
2024,stock_score,-0.05220165564765903
2024,log_news_count,0.0020474881782184045
2024,log_event_count,-0.011270635349353063
2024,strength_component,-0.05390725091839637
2024,event_component,0.025302263568134347
2024,novelty_component,-0.0560431969884085
2024,credibility_component,-0.006649275313043436
2024,confidence_component,-0.039247092100707086
2024,mean_impact,-0.020346368984464895
2024,mean_novelty,0.009300613542477078
2024,mean_credibility,0.035623746674172035
2024,mean_confidence,0.023482112670994818
2024,score_rank_pct,-0.03258242902601156
2024,pre_5d_excess_return,-0.052448888131867974
2024,pre_20d_excess_return,-0.06360938354204904
2024,short_long_excess_gap,0.00972033456412808
2024,event_density,0.07213251314705087
2024,event_z,0.02135793848555947
2024,price_expectation_z,0.076351214769953
2024,event_expectation_interaction,0.07446395645847725
2024,industry_pre_5d_excess_return,-0.060084600254826696
2024,industry_pre_20d_excess_return,-0.05416012670070489
2024,stock_minus_industry_pre_5d_excess,-0.01225630645866102
2024,stock_minus_industry_pre_20d_excess,-0.006204908723556231
2024,industry_pre_5d_excess_z,-0.0043837540287092885
2024,industry_pre_20d_excess_z,0.09170631596371832
2024,industry_surprise_score,0.050481912674010976
2024,industry_price_available,-0.012499317162008429
2024,industry_mapping_proxy,-0.033900893800452456
2024,industry_known,-0.02558854541428186
2024,industry_category_00,-0.034151773992576476
2024,industry_category_01,-0.07640731959663648
2024,industry_category_02,0.019427784540980573
2024,industry_category_03,-0.029478699658605407
2024,industry_category_04,-0.0025268856337374297
2024,industry_category_05,0.024775990884365405
2024,industry_category_06,-0.0738021027705765
2024,industry_category_07,0.016793917366808762
2024,industry_category_08,0.0291016367387237
2024,industry_category_09,0.009396279608720285
2024,industry_category_10,-0.09676253701198463
2024,industry_category_11,-0.03852732930397064
2024,industry_category_12,0.013893149814403524
2024,industry_category_13,0.02911552826427015
2024,industry_category_14,0.0
2024,industry_category_15,0.02330659585747487
2024,industry_category_16,-0.034398914944920624
2024,industry_category_17,-0.0005562339673616209
2024,industry_category_18,0.0
2024,industry_category_19,-0.05734471256507192
2024,industry_category_20,0.05331240244448056
2024,industry_category_21,0.12279938753212018
2024,industry_category_22,0.0
2024,industry_category_23,-0.03555591281043224
2024,industry_category_24,0.005039274332747402
2024,industry_category_25,0.06383281539967149
2025,intercept,-1.0486931917245788
2025,stock_score,-0.12035065657771889
2025,log_news_count,0.009300964520113895
2025,log_event_count,0.0205023596931656
2025,strength_component,-0.016505849756740194
2025,event_component,0.0529382419391443
2025,novelty_component,-0.02226903415521243
2025,credibility_component,0.0041328847599991555
2025,confidence_component,-0.003834414374577503
2025,mean_impact,-0.028711398640194764
2025,mean_novelty,-0.00826778444257187
2025,mean_credibility,-0.01026536001368549
2025,mean_confidence,0.009356465435592091
2025,score_rank_pct,-0.02901561361266142
2025,pre_5d_excess_return,-0.10260852992678547
2025,pre_20d_excess_return,-0.12792449721111773
2025,short_long_excess_gap,0.05687572037762164
2025,event_density,0.11211622317037821
2025,event_z,0.035230294488359085
2025,price_expectation_z,0.13101021253957612
2025,event_expectation_interaction,0.031071638069361977
2025,industry_pre_5d_excess_return,-0.02414693084757331
2025,industry_pre_20d_excess_return,-0.09882430108934004
2025,stock_minus_industry_pre_5d_excess,-0.08114890871944028
2025,stock_minus_industry_pre_20d_excess,-0.05687748336265365
2025,industry_pre_5d_excess_z,0.03166191440870102
2025,industry_pre_20d_excess_z,0.06502502385570084
2025,industry_surprise_score,0.004099057126363716
2025,industry_price_available,0.025585194455366222
2025,industry_mapping_proxy,-0.015293866102625207
2025,industry_known,-0.026783429994434036
2025,industry_category_00,0.04979331979549865
2025,industry_category_01,-0.05244023645394222
2025,industry_category_02,0.05075097649806862
2025,industry_category_03,-0.018617493307113542
2025,industry_category_04,-0.028566839170858973
2025,industry_category_05,-0.014535889488944657
2025,industry_category_06,-0.026914075124875148
2025,industry_category_07,0.033649698101280524
2025,industry_category_08,0.003908627770902271
2025,industry_category_09,-0.015824119025132404
2025,industry_category_10,-0.06147514522696538
2025,industry_category_11,-0.038770466352141306
2025,industry_category_12,-0.010212223541588381
2025,industry_category_13,0.03431537743076355
2025,industry_category_14,0.0
2025,industry_category_15,-0.003129679842376236
2025,industry_category_16,-0.023939063113179403
2025,industry_category_17,0.019253263832685948
2025,industry_category_18,0.0
2025,industry_category_19,-0.039780908128332904
2025,industry_category_20,0.01929067971328958
2025,industry_category_21,0.061965539150597194
2025,industry_category_22,0.0
2025,industry_category_23,0.02768999760938857
2025,industry_category_24,0.00034477864751818757
2025,industry_category_25,-0.010660078383687644
