SIGNAL_DATE,TICKER_SYMBOL,stock_score,entry_date,ml_probability,industry
2023-01-04,002475,3.496822475480332,2023-01-05,0.20962703720869347,电子
2023-01-04,300747,2.9851456577500146,2023-01-05,0.1890499565829454,机械设备
2023-01-04,689009,2.1323422933658063,2023-01-05,0.19667292586865437,汽车
2023-01-05,688068,3.01400507636134,2023-01-06,0.19521813501327992,医药生物
2023-01-06,600661,2.260520377410125,2023-01-09,0.19972432295296513,社会服务
2023-01-09,002446,2.742510000825044,2023-01-10,0.26266212217681684,国防军工
2023-01-09,600153,2.148850431558716,2023-01-10,0.2715108093844579,交通运输
2023-01-09,003000,2.002740541132096,2023-01-10,0.5046636403974575,食品饮料
2023-01-11,688023,3.040006262620869,2023-01-12,0.2688476524853641,计算机
2023-01-11,603755,2.093646670490417,2023-01-12,0.26344694821392406,计算机
2023-01-12,688188,3.063443402127395,2023-01-13,0.21782916261413166,计算机
2023-01-12,002723,2.5182404373226053,2023-01-13,0.25190987321768316,电子
2023-01-12,688136,2.311630083903283,2023-01-13,0.2362522511209654,医药生物
2023-01-12,000969,2.283511593550515,2023-01-13,0.23200000127555537,有色金属
2023-01-13,300199,2.5375659450636423,2023-01-16,0.2616502052706313,医药生物
2023-01-13,300730,2.426220020293944,2023-01-16,0.34687489573862235,计算机
2023-01-16,688180,2.169869899420468,2023-01-17,0.29276425414571744,医药生物
2023-01-17,300140,2.886302893350221,2023-01-18,0.2777035606309858,环保
2023-01-17,301089,2.554324368334008,2023-01-18,0.22545502063923234,医药生物
2023-01-17,601156,2.2720736295843658,2023-01-18,0.21777054497907178,交通运输
2023-01-17,688123,2.089188462892435,2023-01-18,0.22807711613284185,电子
2023-01-18,003040,2.027114993719923,2023-01-19,0.32988294714677735,通信
2023-01-19,002317,3.0505819437402497,2023-01-20,0.2713554105987896,医药生物
2023-01-19,603777,2.444662266595873,2023-01-20,0.41799255269094043,食品饮料
2023-01-20,601326,2.24798738999345,2023-01-30,0.22876915866588027,交通运输
2023-01-20,002432,2.115311804785865,2023-01-30,0.20618314774490945,医药生物
2023-01-30,000860,2.1702000274905555,2023-01-31,0.33209531517800345,食品饮料
2023-01-30,600345,2.1351430153123507,2023-01-31,0.22747589145083585,通信
2023-01-31,603345,3.833887777973236,2023-02-01,0.21785825532167385,食品饮料
2023-01-31,603708,2.366797190868766,2023-02-01,0.20769979526208987,
2023-02-01,300751,2.5225495420753337,2023-02-02,0.19468126834328134,电力设备
2023-02-01,002864,2.051226179948376,2023-02-02,0.190580053460381,医药生物
2023-02-02,000995,2.0903724925009755,2023-02-03,0.2598276943885325,食品饮料
2023-02-02,603777,2.039578620543532,2023-02-03,0.3247717822783838,食品饮料
2023-02-02,002568,2.038799318204466,2023-02-03,0.27643935102508316,食品饮料
2023-02-08,002785,3.947406378515226,2023-02-09,0.31247561740971047,建筑材料
2023-02-08,603939,2.210976402552243,2023-02-09,0.19194281887539394,医药生物
2023-02-08,603267,2.194996664597266,2023-02-09,0.2519912630412535,通信
2023-02-15,688266,2.092762098429404,2023-02-16,0.2252489736521061,医药生物
2023-02-16,002996,2.906357257876868,2023-02-17,0.20590532733506192,有色金属
2023-02-16,000807,2.011285083481437,2023-02-17,0.2374079374851564,有色金属
2023-02-17,002279,2.0079732249422584,2023-02-20,0.37581885062614684,计算机
2023-02-21,002782,2.70536046432073,2023-02-22,0.21438933033887336,电子
2023-02-21,301121,2.58252219568532,2023-02-22,0.21116907337416868,
2023-02-21,688351,2.0235393915326623,2023-02-22,0.23002839055842847,汽车
2023-02-23,300589,2.2513289861254826,2023-02-24,0.21640525412032752,国防军工
2023-02-24,688051,2.137722183584086,2023-02-27,0.3334024408455706,计算机
2023-02-28,300585,3.561478625441426,2023-03-01,0.2964164589194366,汽车
2023-03-01,605589,2.1036522242036835,2023-03-02,0.19956969297866764,交通运输
2023-03-02,003031,2.090189371551471,2023-03-03,0.26132163302839817,通信
2023-03-02,688170,2.03973528656644,2023-03-03,0.22097199476371243,非银金融
2023-03-02,300979,2.0118291808029585,2023-03-03,0.2613309881762257,
2023-03-03,688208,2.115295495359668,2023-03-06,0.30162185291039767,计算机
2023-03-03,002885,2.0383201959818926,2023-03-06,0.19481222807641593,电子
2023-03-06,002162,3.577222965124151,2023-03-07,0.23082390711142567,
2023-03-07,600873,2.402482991828379,2023-03-08,0.35460279202767253,食品饮料
2023-03-10,603616,2.023627266737164,2023-03-13,0.2097416416649749,
2023-03-16,600182,2.2736873860976945,2023-03-17,0.3140461608046696,
2023-03-21,002317,2.114160403210392,2023-03-22,0.24268219032579158,医药生物
2023-03-23,603025,2.4630069407140662,2023-03-24,0.20928658992862395,机械设备
2023-03-28,600456,2.674429520473159,2023-03-29,0.24371278678737923,有色金属
2023-03-29,600874,2.0992398168518767,2023-03-30,0.3018064558038486,环保
2023-03-30,688190,2.5020864300708032,2023-03-31,0.23764547042695433,
2023-03-31,688187,3.298413102355724,2023-04-03,0.18919665404742778,电子
2023-04-03,600685,2.156471603630868,2023-04-04,0.23202962943149819,国防军工
2023-04-04,300146,2.0618057511751613,2023-04-06,0.3113693879105848,食品饮料
2023-04-07,002426,2.0069807866832536,2023-04-10,0.21307102575734482,建筑材料
2023-04-11,603110,3.155084755781704,2023-04-12,0.23364095244689403,基础化工
2023-04-12,600519,2.295075900506422,2023-04-13,0.3183034390464689,食品饮料
2023-04-13,300796,4.474352015405378,2023-04-14,0.1953717295639197,基础化工
2023-04-14,003009,2.087331775450086,2023-04-17,0.20203323800932205,国防军工
2023-04-19,605399,3.21732876279226,2023-04-20,0.19311280302307168,基础化工
2023-04-19,688510,2.1099061476720373,2023-04-20,0.3005734780252729,国防军工
2023-04-20,300986,2.7867074917007355,2023-04-21,0.25271515950078843,有色金属
2023-04-21,300773,2.6568491306372253,2023-04-24,0.341648874803255,非银金融
2023-04-21,300976,2.435294570451276,2023-04-24,0.2770430754870216,电子
2023-04-21,300337,2.128986461745614,2023-04-24,0.21150102197113774,有色金属
2023-04-21,002384,2.1222181400742794,2023-04-24,0.20254070415755393,电子
2023-04-24,002652,2.5938849442961325,2023-04-25,0.23468965924116061,建筑材料
2023-04-24,603738,2.3698212885644065,2023-04-25,0.259612634607308,电子
2023-04-25,688185,2.127916048980001,2023-04-26,0.24556393906400625,医药生物
2023-04-25,300249,2.0634625811839813,2023-04-26,0.3986337491448232,计算机
2023-04-25,300358,2.019874651969157,2023-04-26,0.19523622972647556,医药生物
2023-04-26,301312,2.7753541832998168,2023-04-27,0.22043889798994623,机械设备
2023-04-26,605358,2.203864875892852,2023-04-27,0.24885616532722973,电子
2023-04-28,002459,2.880579726939763,2023-05-04,0.1905464157560693,电力设备
2023-04-28,603236,2.686587704909065,2023-05-04,0.3985872445378261,通信
2023-05-04,002033,3.1076540906190933,2023-05-05,0.20748832533679443,社会服务
2023-05-05,000651,2.397783636118596,2023-05-08,0.20745215122762106,电子
2023-05-08,688210,3.247630037988592,2023-05-09,0.21276946700223368,汽车
2023-05-09,603236,2.5911549985606404,2023-05-10,0.2707096723844502,通信
2023-05-09,002126,2.178463299345364,2023-05-10,0.19826541150939384,汽车
2023-05-10,688621,2.27406075009022,2023-05-11,0.21202569782914973,
2023-05-10,300306,2.0553485831764293,2023-05-11,0.20251942439885173,机械设备
2023-05-11,002166,2.9973230039719647,2023-05-12,0.20160415763494635,医药生物
2023-05-12,300459,2.8442308280310726,2023-05-15,0.2304490903819133,公用事业
2023-05-15,688093,2.228319833668335,2023-05-16,0.284792151739104,电子
2023-05-16,300502,2.4215294202756104,2023-05-17,0.31792025046508693,通信
2023-05-16,600233,2.2668186374713173,2023-05-17,0.1926908160293086,交通运输
2023-05-22,000981,2.23564385749938,2023-05-23,0.32756227395736126,食品饮料
2023-05-23,000818,2.327185219164501,2023-05-24,0.18939458740539258,基础化工
2023-05-25,688360,2.176946442771423,2023-05-26,0.2104716895344758,机械设备
2023-05-26,300681,2.931375941733582,2023-05-29,0.26322015867920995,汽车
2023-05-29,600256,2.9648859863244725,2023-05-30,0.261685981859581,石油石化
2023-05-31,603806,2.998855680866817,2023-06-01,0.21029953428246353,电力设备
2023-05-31,300769,2.7601862461806586,2023-06-01,0.21115240615574005,电力设备
2023-05-31,002738,2.502956447614607,2023-06-01,0.21539260246809042,有色金属
2023-06-01,688388,3.47770778589762,2023-06-02,0.1980372071545385,有色金属
2023-06-02,600612,2.431578624186648,2023-06-05,0.21715763134054994,
2023-06-02,605399,2.322843085338492,2023-06-05,0.217844160449207,基础化工
2023-06-05,600026,2.333646611056407,2023-06-06,0.21378535698578227,交通运输
2023-06-06,002847,2.2728498460779245,2023-06-07,0.3729756261819367,食品饮料
2023-06-07,300558,3.353245136079206,2023-06-08,0.2319004871951934,医药生物
2023-06-09,002415,3.230604494191631,2023-06-12,0.4457195960859822,计算机
2023-06-12,688368,2.3481853681674325,2023-06-13,0.26756737074265713,电子
2023-06-12,002415,2.094794905966471,2023-06-13,0.30743499067933494,计算机
2023-06-15,688315,2.4349567401686283,2023-06-16,0.2488210403640632,医药生物
2023-06-19,601601,3.1934520455117807,2023-06-20,0.2411392624286668,非银金融
2023-06-19,300759,2.295007926669678,2023-06-20,0.20482993135420285,医药生物
2023-06-21,688300,2.7651574775459817,2023-06-26,0.19804246669847167,基础化工
2023-06-21,300841,2.164446292542144,2023-06-26,0.19682320860189947,医药生物
2023-06-26,601949,2.5311045837007464,2023-06-27,0.18916169901014313,传媒
2023-06-26,000829,2.2779205129910745,2023-06-27,0.2761773391327617,电子
2023-06-26,300443,2.182618145552827,2023-06-27,0.24350697563927862,电力设备
2023-06-26,300518,2.1744320509152977,2023-06-27,0.19249057803861924,传媒
2023-06-28,300628,2.5266147484734818,2023-06-29,0.27336582735941833,通信
2023-06-28,301318,2.1972812290153385,2023-06-29,0.35634871008062585,计算机
2023-06-29,002352,3.0806763535671795,2023-06-30,0.25646908377664024,交通运输
2023-06-29,300298,2.14094315574386,2023-06-30,0.22666776018120788,医药生物
2023-06-30,688047,3.587109694334236,2023-07-03,0.19065293583844536,非银金融
2023-06-30,600760,3.186844828964236,2023-07-03,0.2357013763900056,国防军工
2023-06-30,600702,2.2243388590324726,2023-07-03,0.32655225900269236,食品饮料
2023-07-03,600422,2.913442328187847,2023-07-04,0.2287293814940283,医药生物
2023-07-03,300253,2.759182473959205,2023-07-04,0.2982845557625487,计算机
2023-07-03,002253,2.659919302628313,2023-07-04,0.3317289171409911,计算机
2023-07-03,688192,2.4474359816478515,2023-07-04,0.24158305183106235,医药生物
2023-07-03,688075,2.373639058235214,2023-07-04,0.2712871962046589,医药生物
2023-07-04,300253,2.4264356463536703,2023-07-05,0.29793259988100607,计算机
2023-07-04,603236,2.0503891639427008,2023-07-05,0.300709026334944,通信
2023-07-05,300253,2.025563022987128,2023-07-06,0.3278406881221816,计算机
2023-07-06,002414,2.7221734323003592,2023-07-07,0.22861821867430324,国防军工
2023-07-06,300075,2.2153108528350534,2023-07-07,0.3411573367298421,计算机
2023-07-06,600177,2.17461272446903,2023-07-07,0.2412876542566517,
2023-07-06,603037,2.170088551922825,2023-07-07,0.24003898463560222,汽车
2023-07-07,002829,3.52579216963155,2023-07-10,0.26723819697382944,国防军工
2023-07-07,603737,2.6858216088122395,2023-07-10,0.24180455241647703,建筑材料
2023-07-07,688017,2.04914284378576,2023-07-10,0.22999893430231486,非银金融
2023-07-10,300188,2.573659440547538,2023-07-11,0.2118658957489881,计算机
2023-07-10,603983,2.4973123431601287,2023-07-11,0.2217763039723545,
2023-07-10,600285,2.0730045173936733,2023-07-11,0.19529026105674557,医药生物
2023-07-11,600570,3.131082717446896,2023-07-12,0.24786771278376535,计算机
2023-07-11,688117,2.208986483606105,2023-07-12,0.21662652027860144,医药生物
2023-07-11,300580,2.142030564241775,2023-07-12,0.22521034620271105,汽车
2023-07-12,688135,3.2268707470872564,2023-07-13,0.18925219414496244,电子
2023-07-12,000977,3.096392156624795,2023-07-13,0.2347482466696033,计算机
2023-07-12,603170,2.7411682406089843,2023-07-13,0.20627663418789194,非银金融
2023-07-13,603229,2.0931536029913307,2023-07-14,0.2923496742325381,医药生物
2023-07-14,600897,4.518823865987016,2023-07-17,0.2070118331055205,交通运输
2023-07-14,003031,2.3147852951043784,2023-07-17,0.2838627703964088,通信
2023-07-14,300559,2.0656606881787685,2023-07-17,0.2830819289728528,计算机
2023-07-14,603711,2.0030590677737004,2023-07-17,0.37228049906606503,食品饮料
2023-07-17,603801,2.6104498922576247,2023-07-18,0.24050482582086818,
2023-07-17,600366,2.006282019002139,2023-07-18,0.2444915335272935,有色金属
2023-07-19,002865,2.712451582481143,2023-07-20,0.2164156531143285,汽车
2023-07-20,688052,2.275449557696505,2023-07-21,0.3272670462683334,食品饮料
2023-07-20,688525,2.112290929388968,2023-07-21,0.2230886942715688,非银金融
2023-07-20,300447,2.0638043373259176,2023-07-21,0.2652132108103992,国防军工
2023-07-21,002099,2.119950000758552,2023-07-24,0.21996727441576547,医药生物
2023-07-21,300748,2.070458157291399,2023-07-24,0.24410620672111943,有色金属
2023-07-26,688369,2.240746828511788,2023-07-27,0.29801488410175153,计算机
2023-07-27,300722,2.700291460102895,2023-07-28,0.22069738555745233,国防军工
2023-07-27,002773,2.4253347080341148,2023-07-28,0.2781690008480321,医药生物
2023-07-27,300378,2.3532558547723688,2023-07-28,0.25737810789208465,计算机
2023-07-27,603282,2.0250767559406246,2023-07-28,0.22658435540871358,环保
2023-07-28,300508,3.295422435478504,2023-07-31,0.2411259566619211,计算机
2023-07-28,603108,2.3094205806326253,2023-07-31,0.22885101527730922,医药生物
2023-07-28,000936,2.278490298155404,2023-07-31,0.21213162367019578,基础化工
2023-07-31,688566,3.4099193350401427,2023-08-01,0.2441443210825909,医药生物
2023-08-01,300759,2.982736447215957,2023-08-02,0.2243180320063206,医药生物
2023-08-01,603105,2.379817718214455,2023-08-02,0.2059648262459043,公用事业
2023-08-02,688207,2.8173437194653115,2023-08-03,0.309014387512161,食品饮料
2023-08-02,603358,2.6978700315566164,2023-08-03,0.2096281394240323,汽车
2023-08-02,002849,2.2781723457340544,2023-08-03,0.21682127368938292,机械设备
2023-08-02,003029,2.160838827415436,2023-08-03,0.3085484609556514,计算机
2023-08-03,603209,3.1542906211167696,2023-08-04,0.373583466300535,食品饮料
2023-08-03,002847,3.1541127409953083,2023-08-04,0.2836911122404683,食品饮料
2023-08-03,002262,2.269637436874416,2023-08-04,0.1918010019706422,医药生物
2023-08-03,301099,2.2594141696576475,2023-08-04,0.21893924771351653,电子
2023-08-04,600749,2.3015556520894203,2023-08-07,0.20763963151613996,社会服务
2023-08-07,300653,2.530742566104235,2023-08-08,0.20843608596309166,医药生物
2023-08-07,688513,2.358900174209857,2023-08-08,0.21444247975682995,医药生物
2023-08-08,000063,2.8426613055780967,2023-08-09,0.291616088279361,通信
2023-08-08,300444,2.4997959317707577,2023-08-09,0.24276659562159456,电力设备
2023-08-08,000513,2.2600482824590875,2023-08-09,0.22426746435776648,医药生物
2023-08-08,688510,2.212060766139058,2023-08-09,0.19542145240738304,国防军工
2023-08-08,603606,2.1648883462932567,2023-08-09,0.19263647975597403,电力设备
2023-08-09,600131,2.359717926288532,2023-08-10,0.2552680003494071,计算机
2023-08-09,300722,2.055966411150284,2023-08-10,0.20545098725012537,国防军工
2023-08-09,301063,2.00762513296268,2023-08-10,0.24902575221960913,电力设备
2023-08-10,002655,3.4218724140683774,2023-08-11,0.20617974478880083,电子
2023-08-10,002991,2.7949383058716246,2023-08-11,0.34553898391469295,食品饮料
2023-08-10,002119,2.41090697273651,2023-08-11,0.24903734007345216,电子
2023-08-11,688550,2.122879341486231,2023-08-14,0.25583365884011183,电子
2023-08-14,300595,2.0269363431295884,2023-08-15,0.26806514006568616,医药生物
2023-08-15,688668,2.2534571046497884,2023-08-16,0.23960720463631074,通信
2023-08-16,605255,2.476551217289568,2023-08-17,0.1932685655993711,汽车
2023-08-16,688766,2.011610871013476,2023-08-17,0.1959647643740955,电子
2023-08-17,300369,2.89174347929138,2023-08-18,0.2773115929991422,计算机
2023-08-17,688668,2.203971979858988,2023-08-18,0.26535332046833326,通信
2023-08-17,003029,2.145967866964889,2023-08-18,0.22662979970704256,计算机
2023-08-18,002829,3.3068526708535195,2023-08-21,0.255405337292435,国防军工
2023-08-21,301166,2.112202656688328,2023-08-22,0.29015763672320904,非银金融
2023-08-22,603529,2.079288630699576,2023-08-23,0.2117403058657606,汽车
2023-08-23,300206,2.987208546821134,2023-08-24,0.23151280052656953,医药生物
2023-08-23,600233,2.5804641776244384,2023-08-24,0.195213080627137,交通运输
2023-08-23,688271,2.295107453401019,2023-08-24,0.306924364607686,食品饮料
2023-08-24,603279,2.626491356814805,2023-08-25,0.2215900273325101,国防军工
2023-08-24,000032,2.1137046111223894,2023-08-25,0.2739742171765973,通信
2023-08-25,688202,2.849884544383237,2023-08-28,0.23947106545655364,医药生物
2023-08-25,600197,2.3904254594234944,2023-08-28,0.3612613659815156,食品饮料
2023-08-25,002655,2.090030310702472,2023-08-28,0.28443344839100126,电子
2023-08-28,688180,2.57893573587237,2023-08-29,0.1929504749211695,医药生物
2023-08-28,603101,2.4693688883305795,2023-08-29,0.32665462776275145,
2023-08-29,002756,2.306728361952888,2023-08-30,0.22790143596180892,钢铁
2023-08-29,603995,2.258777329178385,2023-08-30,0.19196897753017939,钢铁
2023-08-30,600066,2.2383111617084657,2023-08-31,0.19866610828574682,汽车
2023-08-30,688533,2.062080712785494,2023-08-31,0.21401229081304254,汽车
2023-08-30,688046,2.036383648705345,2023-08-31,0.22162164016312005,医药生物
2023-08-31,603596,2.4787211609057813,2023-09-01,0.19870053900986684,非银金融
2023-08-31,300918,2.141355203253725,2023-09-01,0.25818050043020324,
2023-08-31,300772,2.0689802705779874,2023-09-01,0.3001073872289603,通信
2023-09-05,688388,2.2586295438931745,2023-09-06,0.20096900022332592,电子
2023-09-06,300751,2.969461379656181,2023-09-07,0.3397691551184645,计算机
2023-09-07,002475,2.8808856801390457,2023-09-08,0.1901705520711852,电子
2023-09-08,688099,3.144885171299081,2023-09-11,0.23249190033751613,电子
2023-09-11,002918,2.224193513620293,2023-09-12,0.3308263934270787,
2023-09-11,688099,2.212722427997317,2023-09-12,0.19047372393325618,电子
2023-09-11,603226,2.0925838468955846,2023-09-12,0.2978634010659368,计算机
2023-09-12,301349,2.2610903565245533,2023-09-13,0.2401381455891384,非银金融
2023-09-12,300380,2.2520448375835325,2023-09-13,0.2508163230348257,计算机
2023-09-12,000401,2.036578425098305,2023-09-13,0.2083077555575408,建筑材料
2023-09-13,688032,2.7012410611788136,2023-09-14,0.3123105350850949,食品饮料
2023-09-13,600388,2.3548700592683,2023-09-14,0.2040240974364146,环保
2023-09-13,000712,2.097185446739323,2023-09-14,0.2606168788996831,非银金融
2023-09-15,300605,2.6269453190699608,2023-09-18,0.30079046542730425,计算机
2023-09-18,301325,2.304599390700196,2023-09-19,0.29031309007945805,食品饮料
2023-09-19,603881,2.272902228151529,2023-09-20,0.2186536170103345,计算机
2023-09-20,002777,4.523498614770276,2023-09-21,0.28246310700779154,计算机
2023-09-20,300634,2.329465930471305,2023-09-21,0.20153837721612491,计算机
2023-09-21,002145,2.09569024852652,2023-09-22,0.20446690747519128,基础化工
2023-09-22,600710,2.7208896276393526,2023-09-25,0.21553670858628027,
2023-09-22,688267,2.02919662754154,2023-09-25,0.19436159962368812,机械设备
2023-09-26,603013,2.04995804583357,2023-09-27,0.19213152799101038,汽车
2023-09-27,300036,2.3480605076556684,2023-09-28,0.22667604542139905,计算机
2023-09-27,603630,2.296492141027505,2023-09-28,0.22044978843205826,
2023-09-27,603678,2.0256863538865177,2023-09-28,0.21950982838288718,国防军工
2023-09-27,601133,2.0066824359195943,2023-09-28,0.19653280168602175,非银金融
2023-10-10,600610,2.1677507077328606,2023-10-11,0.1980408353226091,基础化工
2023-10-11,000733,2.889046741873128,2023-10-12,0.20549861061482472,国防军工
2023-10-13,300226,3.558510304577875,2023-10-16,0.24388701826643716,计算机
2023-10-13,001205,2.196469937032668,2023-10-16,0.2851391457051642,交通运输
2023-10-13,301353,2.004633869474986,2023-10-16,0.19954370173463795,钢铁
2023-10-16,001338,2.027996797531549,2023-10-17,0.19692164738215007,银行
2023-10-17,600958,2.757185010413313,2023-10-18,0.265489588778482,非银金融
2023-10-17,600436,2.6949316177780926,2023-10-18,0.22877559195354144,医药生物
2023-10-17,600052,2.1595718980700123,2023-10-18,0.1910779186856204,农林牧渔
2023-10-17,603288,2.044409422115017,2023-10-18,0.32011652676355756,食品饮料
2023-10-18,000977,2.642004124331267,2023-10-19,0.2473867768157682,计算机
2023-10-18,600105,2.2901122175151825,2023-10-19,0.3322233196165717,通信
2023-10-18,603345,2.288712687099108,2023-10-19,0.24281659571357544,食品饮料
2023-10-18,603191,2.121325354973447,2023-10-19,0.20282150636210192,环保
2023-10-19,600063,2.7386777559288444,2023-10-20,0.1973707775027822,基础化工
2023-10-19,600519,2.6652572969325123,2023-10-20,0.31392183166174753,食品饮料
2023-10-19,301089,2.0960685661593805,2023-10-20,0.2797670986098311,医药生物
2023-10-20,301215,2.940314262429447,2023-10-23,0.28049361962957814,食品饮料
2023-10-20,300774,2.756106893970191,2023-10-23,0.2548880126713796,食品饮料
2023-10-20,301050,2.491140599502768,2023-10-23,0.2308397102557826,通信
2023-10-23,300548,3.8344550056681954,2023-10-24,0.27025064085471223,通信
2023-10-23,601138,3.1360218921391354,2023-10-24,0.23566736070104377,电子
2023-10-24,601138,2.472288550177,2023-10-25,0.23496087613871786,电子
2023-10-24,603083,2.2999517437234607,2023-10-25,0.22327011333945937,通信
2023-10-24,605080,2.234495879815774,2023-10-25,0.33163000433459117,
2023-10-25,300642,2.7687820989713985,2023-10-26,0.25624348878583847,医药生物
2023-10-25,002790,2.148943328941529,2023-10-26,0.2437781415556412,
2023-10-25,600012,2.063789312614244,2023-10-26,0.27801634928962865,交通运输
2023-10-26,603998,2.6585215669501223,2023-10-27,0.20326792940605087,医药生物
2023-10-26,300137,2.0856021091483,2023-10-27,0.2147246644886963,环保
2023-10-27,603383,2.9123760204852367,2023-10-30,0.30970244639881295,计算机
2023-10-27,600315,2.3555051243406675,2023-10-30,0.2853815895911838,
2023-10-27,000099,2.255532061143019,2023-10-30,0.1993310647015392,交通运输
2023-10-30,603556,2.93817499467937,2023-10-31,0.2011445002475546,电力设备
2023-10-30,002472,2.7016214142081947,2023-10-31,0.2154005964746476,汽车
2023-10-30,603076,2.256686848140336,2023-10-31,0.20874715943556868,机械设备
2023-10-30,002104,2.105901786852094,2023-10-31,0.2237073882802251,通信
2023-10-30,300308,2.0398507181734225,2023-10-31,0.21825261695689943,通信
2023-10-31,688072,2.174337278218985,2023-11-01,0.21442854964955882,电子
2023-11-01,002867,2.665512297658691,2023-11-02,0.19158118172020938,
2023-11-01,300502,2.170285339750026,2023-11-02,0.25032567098967967,通信
2023-11-03,605599,2.0024940123295805,2023-11-06,0.2161080004948599,非银金融
2023-11-03,605088,2.0003460005322875,2023-11-06,0.2137807187553572,汽车
2023-11-08,601058,2.020507661826885,2023-11-09,0.21854996900043214,汽车
2023-11-09,601318,3.024093472973141,2023-11-10,0.24933171720494585,非银金融
2023-11-10,300199,3.794256335467341,2023-11-13,0.19940589497567363,医药生物
2023-11-10,300645,2.741483268685609,2023-11-13,0.4026451740793652,计算机
2023-11-10,600143,2.2370257697497284,2023-11-13,0.2139853885764353,基础化工
2023-11-13,601319,2.096479193114972,2023-11-14,0.21751148843716664,非银金融
2023-11-16,688019,2.257805738432481,2023-11-17,0.2076623723728857,电子
2023-11-17,603833,2.1795364462293163,2023-11-20,0.25337025351390813,
2023-11-22,001289,3.077592439792125,2023-11-23,0.1957497499443342,公用事业
2023-11-22,300577,2.150434400123384,2023-11-23,0.24287672575109917,
2023-11-23,600100,2.1466267987982954,2023-11-24,0.27354975503046725,计算机
2023-11-24,688401,2.542410038741357,2023-11-27,0.21915020967790705,电子
2023-11-24,002256,2.2710372021535905,2023-11-27,0.23408797938415937,电子
2023-11-27,603719,2.194005630545804,2023-11-28,0.43166740846278107,食品饮料
2023-11-28,603613,3.08559568523129,2023-11-29,0.21088767596549549,计算机
2023-11-29,601888,2.691096872411008,2023-11-30,0.30095745938394247,
2023-11-30,301218,2.9855605969628973,2023-12-01,0.28684121379856337,计算机
2023-12-01,000729,2.346026524472688,2023-12-04,0.3310597814010473,食品饮料
2023-12-01,002572,2.028745389314966,2023-12-04,0.23779765833943384,
2023-12-04,688073,2.5152769252953666,2023-12-05,0.22915801678867392,医药生物
2023-12-06,603985,4.45865739153219,2023-12-07,0.22309520971940755,机械设备
2023-12-06,300250,2.721758053467837,2023-12-07,0.306724667056965,计算机
2023-12-06,688612,2.393173703748205,2023-12-07,0.25379420364817296,通信
2023-12-06,603198,2.218612296996607,2023-12-07,0.30432193261328366,食品饮料
2023-12-06,601601,2.060871556056367,2023-12-07,0.27586351303847917,非银金融
2023-12-07,603993,2.2839290384665585,2023-12-08,0.21966871098131505,有色金属
2023-12-07,603801,2.16870277232874,2023-12-08,0.3085687540448766,
2023-12-08,603985,2.698883260749194,2023-12-11,0.3995508595894195,非银金融
2023-12-08,601116,2.2651721923348784,2023-12-11,0.28732010538052255,
2023-12-11,688503,3.316651231766341,2023-12-12,0.24988011142593367,非银金融
2023-12-11,000568,3.085046843686282,2023-12-12,0.24307291001237283,计算机
2023-12-14,000858,3.727223683999968,2023-12-15,0.1953502257409482,食品饮料
2023-12-14,002568,2.9338756446198766,2023-12-15,0.23234765954212316,食品饮料
2023-12-14,300380,2.641981674341732,2023-12-15,0.33067997707324664,计算机
2023-12-15,000568,3.1924332054200217,2023-12-18,0.22566845832838184,食品饮料
2023-12-15,300551,3.180641901853148,2023-12-18,0.21206030288754188,计算机
2023-12-15,000858,2.7947666818452683,2023-12-18,0.21585052346053768,食品饮料
2023-12-15,600867,2.391380239192807,2023-12-18,0.2287250456195657,医药生物
2023-12-18,300047,2.720204042277424,2023-12-19,0.32992386228782816,计算机
2023-12-18,300166,2.686745207231324,2023-12-19,0.2832162694691565,计算机
2023-12-18,002453,2.1223415407016883,2023-12-19,0.2235324888666652,基础化工
2023-12-18,002215,2.1127121947844323,2023-12-19,0.20934319037923,基础化工
2023-12-19,600702,3.0497471400027463,2023-12-20,0.2539808985512315,食品饮料
2023-12-19,688261,2.669923016140939,2023-12-20,0.30787791248904506,食品饮料
2023-12-19,300184,2.050767459304464,2023-12-20,0.21094145607836146,电子
2023-12-20,001270,2.889842107213633,2023-12-21,0.20935115622408523,非银金融
2023-12-20,688311,2.363190134948598,2023-12-21,0.19447774925327618,国防军工
2023-12-20,300451,2.2261907834517083,2023-12-21,0.21897730256994205,计算机
2023-12-20,603931,2.160045223711754,2023-12-21,0.19483294576534718,电子
2023-12-21,002232,2.627862465933999,2023-12-22,0.2598289459335235,计算机
2023-12-22,600415,3.1057318222996564,2023-12-25,0.19818841379496835,
2023-12-25,600358,3.0431835123980133,2023-12-26,0.1977356796953398,传媒
2023-12-26,002858,2.446805173709656,2023-12-27,0.32621424447856234,
2023-12-26,601881,2.2989960295984635,2023-12-27,0.256065846682605,非银金融
2023-12-27,603613,5.483913064259494,2023-12-28,0.3264895816151785,计算机
2023-12-28,300551,6.319720428656733,2023-12-29,0.26577509881279543,计算机
2023-12-28,603613,6.293291884671282,2023-12-29,0.24750836094909573,电力设备
2023-12-28,002919,3.472220384421701,2023-12-29,0.19300052688768823,
2023-12-28,301039,2.3084206685337048,2023-12-29,0.2023369109714684,汽车
2023-12-29,000729,2.2804020604352595,2024-01-02,0.38368978569932066,食品饮料
2023-12-29,600331,2.0538858534173,2024-01-02,0.2056397515995423,有色金属
2024-01-02,300143,3.185470497379634,2024-01-03,0.22111629188936635,医药生物
2024-01-02,600157,2.5115472709423576,2024-01-03,0.27033161503574127,煤炭
2024-01-03,688153,2.679341050602696,2024-01-04,0.26759249584865946,机械设备
2024-01-04,688234,2.770782994731994,2024-01-05,0.23181613224810416,食品饮料
2024-01-04,600418,2.117531000434272,2024-01-05,0.2245202711621719,汽车
2024-01-04,002032,2.030612545020136,2024-01-05,0.24343750640868597,家用电器
2024-01-05,603536,3.434817356458965,2024-01-08,0.3143128922234736,食品饮料
2024-01-05,603606,2.942343613350043,2024-01-08,0.23391215307128782,电力设备
2024-01-05,688403,2.056667621708536,2024-01-08,0.2610668729264429,环保
2024-01-08,300308,3.132498091113926,2024-01-09,0.30497696976421224,通信
2024-01-08,603728,3.052503275932408,2024-01-09,0.2379857962307868,电力设备
2024-01-08,603267,2.601957896434397,2024-01-09,0.3262984159307187,国防军工
2024-01-09,002044,2.7398314223548814,2024-01-10,0.2717007758107589,医药生物
2024-01-09,300846,2.287267403317806,2024-01-10,0.2840884684265699,计算机
2024-01-09,301205,2.2137135467953835,2024-01-10,0.2807845535227578,计算机
2024-01-10,603758,2.852976684590511,2024-01-11,0.25751544686558026,汽车
2024-01-10,002483,2.5169369789966938,2024-01-11,0.28192255455032306,机械设备
2024-01-10,603439,2.224657227900832,2024-01-11,0.25078458005847376,医药生物
2024-01-10,603918,2.170135299102709,2024-01-11,0.2570476092485939,计算机
2024-01-10,600674,2.1524862819461426,2024-01-11,0.2419027965258155,公用事业
2024-01-10,300264,2.0848584620297994,2024-01-11,0.31442424009541603,计算机
2024-01-11,603665,3.4581367837508896,2024-01-12,0.24840867830400382,
2024-01-11,600771,2.7269853016405268,2024-01-12,0.309818773233299,医药生物
2024-01-11,000661,2.4332822320492724,2024-01-12,0.29587919967268805,医药生物
2024-01-11,000032,2.341966530170916,2024-01-12,0.2802012194023749,通信
2024-01-11,688110,2.1870156013649487,2024-01-12,0.2616753748464312,电子
2024-01-12,688166,2.835369596271037,2024-01-15,0.23714720257480085,医药生物
2024-01-12,688261,2.709243669788297,2024-01-15,0.2474786906814711,食品饮料
2024-01-12,002771,2.585476216752139,2024-01-15,0.31561023965697105,计算机
2024-01-12,600272,2.490204554549809,2024-01-15,0.2663691081954103,医药生物
2024-01-12,688279,2.420317158794799,2024-01-15,0.23871291948907528,计算机
2024-01-12,688766,2.110921108256972,2024-01-15,0.26381908920683245,食品饮料
2024-01-12,002908,2.039311829871575,2024-01-15,0.33072744670834575,通信
2024-01-15,603087,2.807694388904534,2024-01-16,0.22111133386622658,医药生物
2024-01-16,688023,2.393355481727155,2024-01-17,0.28169378655783484,计算机
2024-01-16,688305,2.2231729574783152,2024-01-17,0.2753750974235638,机械设备
2024-01-16,600779,2.104403282493711,2024-01-17,0.3338536827453497,食品饮料
2024-01-17,600699,2.875837599374015,2024-01-18,0.21838218261594924,汽车
2024-01-17,600178,2.367279619527367,2024-01-18,0.2914834326218935,汽车
2024-01-18,688281,3.011593538920018,2024-01-19,0.2322349093811448,环保
2024-01-18,002893,2.2615505112727146,2024-01-19,0.28821626167293096,非银金融
2024-01-18,002476,2.253088255013439,2024-01-19,0.35529235854065294,石油石化
2024-01-18,605388,2.0500961712199146,2024-01-19,0.4253885767972435,食品饮料
2024-01-19,600479,2.5719655539997115,2024-01-22,0.2376848755187958,医药生物
2024-01-19,600126,2.368624310529357,2024-01-22,0.23532523219587398,钢铁
2024-01-19,600487,2.170863147629788,2024-01-22,0.35714086937379363,通信
2024-01-19,600535,2.0600044018211743,2024-01-22,0.2743707676610114,公用事业
2024-01-22,688331,2.6102830747303503,2024-01-23,0.2468731837307658,医药生物
2024-01-23,688565,2.2725072193050537,2024-01-24,0.2600593434345193,环保
2024-01-23,603158,2.182850322485569,2024-01-24,0.2649081394278047,汽车
2024-01-24,300841,2.528068404307889,2024-01-25,0.2682284514442314,医药生物
2024-01-24,603238,2.516402819150408,2024-01-25,0.22548589499170807,电子
2024-01-24,688626,2.404141767397963,2024-01-25,0.21984679140682128,医药生物
2024-01-24,003030,2.153294496352527,2024-01-25,0.27580627135446684,农林牧渔
2024-01-24,688073,2.0274443804794733,2024-01-25,0.2433618496900293,医药生物
2024-01-25,603306,2.635501178749511,2024-01-26,0.23299868943465013,汽车
2024-01-25,603031,2.603718329689505,2024-01-26,0.25336303946279715,国防军工
2024-01-25,603112,2.3985334397596163,2024-01-26,0.2691619456127617,家用电器
2024-01-25,688025,2.2448922792218764,2024-01-26,0.24186709410635435,机械设备
2024-01-25,002965,2.021654461692279,2024-01-26,0.24734917113117041,机械设备
2024-01-26,603259,3.926013237804104,2024-01-29,0.2851714116419571,医药生物
2024-01-26,600481,2.9745606854143536,2024-01-29,0.23114806847576258,机械设备
2024-01-26,002050,2.3314512070057964,2024-01-29,0.23149673892517494,家用电器
2024-01-29,603890,2.65907781515512,2024-01-30,0.30208999580263024,电子
2024-01-29,688032,2.6298466132832203,2024-01-30,0.3501358196812136,环保
2024-01-29,688114,2.334982314939962,2024-01-30,0.2239109789525143,公用事业
2024-01-29,688081,2.3307138482660257,2024-01-30,0.30743594577101196,国防军工
2024-01-29,300340,2.2587447609773084,2024-01-30,0.2960755652627666,电力设备
2024-01-30,603259,3.0965858433406703,2024-01-31,0.2783058433432198,医药生物
2024-01-30,301055,2.636739123899016,2024-01-31,0.30214078475587497,环保
2024-01-30,301391,2.56595845526129,2024-01-31,0.27189744136623517,电子
2024-01-30,300018,2.4091831964624983,2024-01-31,0.2387478264983638,电力设备
2024-01-30,688114,2.330008091071368,2024-01-31,0.3233371533844792,医药生物
2024-01-30,600988,2.241001419473008,2024-01-31,0.2319100908585165,有色金属
2024-01-31,603106,3.0689312984175183,2024-02-01,0.3452609681704445,计算机
2024-01-31,002735,2.757055923097087,2024-02-01,0.3207133070119287,
2024-01-31,603489,2.605355820556208,2024-02-01,0.2929709714309243,电力设备
2024-01-31,603236,2.3739349832528784,2024-02-01,0.5330549437676182,通信
2024-01-31,002846,2.1563060823899782,2024-02-01,0.3706220954873244,
2024-01-31,002439,2.152715033211776,2024-02-01,0.4058139650735871,计算机
2024-01-31,001217,2.140971194818793,2024-02-01,0.29876534303200913,环保
2024-01-31,002019,2.045884396972744,2024-02-01,0.2356660295032053,医药生物
2024-01-31,002983,2.020187461019835,2024-02-01,0.3561542683958818,电子
2024-02-01,300567,3.1535964798780283,2024-02-02,0.22198098836893987,机械设备
2024-02-01,688182,2.886192482815261,2024-02-02,0.26114614244069795,计算机
2024-02-01,301113,2.104701623258763,2024-02-02,0.2514186280993612,银行
2024-02-01,003040,2.0446473228838493,2024-02-02,0.4240327731655481,通信
2024-02-02,300641,2.6430628951527053,2024-02-05,0.27321704904291877,基础化工
2024-02-02,603259,2.595346935678922,2024-02-05,0.32848940985697667,医药生物
2024-02-02,688651,2.503045162899696,2024-02-05,0.3132816744411736,非银金融
2024-02-02,300432,2.4968683767028703,2024-02-05,0.3309919829669272,汽车
2024-02-02,603269,2.4775719780954457,2024-02-05,0.36442903094859236,机械设备
2024-02-02,688350,2.432623492854864,2024-02-05,0.2793222923787963,基础化工
2024-02-02,300586,2.4323449627138625,2024-02-05,0.27460792216958185,基础化工
2024-02-02,002213,2.4025907694570767,2024-02-05,0.33217948732530483,汽车
2024-02-02,603392,2.353770016723202,2024-02-05,0.3617747606007414,医药生物
2024-02-02,002544,2.242956809640334,2024-02-05,0.331945452782001,电子
2024-02-02,688661,2.2321017013641526,2024-02-05,0.33141882348401785,电子
2024-02-02,603506,2.197190877195881,2024-02-05,0.22831888625736113,房地产
2024-02-02,300642,2.1846451757107936,2024-02-05,0.3638989207215307,医药生物
2024-02-02,300712,2.184372710691788,2024-02-05,0.22159725246015777,建筑装饰
2024-02-02,002828,2.138059846050252,2024-02-05,0.3295605299789177,石油石化
2024-02-02,002490,2.1122628996854447,2024-02-05,0.3844478544256886,机械设备
2024-02-02,300881,2.103088325751698,2024-02-05,0.34407761533919073,钢铁
2024-02-02,688581,2.098942414593746,2024-02-05,0.28434082904505,环保
2024-02-02,002537,2.0642049765136403,2024-02-05,0.36599835081917,汽车
2024-02-02,600051,2.0275029468079286,2024-02-05,0.37177891484822523,
2024-02-02,002342,2.0089471267721644,2024-02-05,0.3881078293033935,机械设备
2024-02-05,300486,2.704635205492369,2024-02-06,0.3531585372689438,机械设备
2024-02-05,688176,2.590251368359128,2024-02-06,0.268448144249239,汽车
2024-02-05,301099,2.278749012139404,2024-02-06,0.356402943979742,电子
2024-02-05,300499,2.247894064880084,2024-02-06,0.36560634987254786,机械设备
2024-02-05,002177,2.206055679204462,2024-02-06,0.4463308686642272,计算机
2024-02-05,300126,2.1294469410043897,2024-02-06,0.3610648370277402,机械设备
2024-02-05,301192,2.1288335359562502,2024-02-06,0.3652090228328054,汽车
2024-02-05,301387,2.1014652717939675,2024-02-06,0.35153111475303916,计算机
2024-02-05,300512,2.090393469990596,2024-02-06,0.36646295311455496,机械设备
2024-02-05,301212,2.019264245498994,2024-02-06,0.3684921853116929,非银金融
2024-02-06,688328,2.896123334878359,2024-02-07,0.34455073745540554,机械设备
2024-02-06,001313,2.851984190010806,2024-02-07,0.22322398686605624,农林牧渔
2024-02-06,605055,2.668856664366949,2024-02-07,0.3682859575219114,
2024-02-06,688579,2.660160471286645,2024-02-07,0.35384144610123003,计算机
2024-02-06,002830,2.656459409373081,2024-02-07,0.3913410752792186,建筑装饰
2024-02-06,300843,2.5975036655159363,2024-02-07,0.3558624237316626,电子
2024-02-06,002579,2.3129066633090014,2024-02-07,0.26930822834517326,电子
2024-02-06,301515,2.307679742135902,2024-02-07,0.2592404431130037,医药生物
2024-02-06,000510,2.296353232202644,2024-02-07,0.30477164651028477,基础化工
2024-02-06,688478,2.280358074990517,2024-02-07,0.29339015912652666,非银金融
2024-02-06,300447,2.2681320477239204,2024-02-07,0.32823461449592556,国防军工
2024-02-06,600819,2.236833597326975,2024-02-07,0.492963494047902,建筑材料
2024-02-06,603259,2.2354938760270247,2024-02-07,0.2644693020330535,医药生物
2024-02-06,300302,2.19333198871564,2024-02-07,0.43440576879679826,计算机
2024-02-06,300566,2.1749440028637195,2024-02-07,0.2716776727805798,电子
2024-02-06,688392,2.14364718820004,2024-02-07,0.33562830383642545,食品饮料
2024-02-06,300895,2.1358206969188167,2024-02-07,0.43592856234624927,计算机
2024-02-06,688310,2.0667102788837006,2024-02-07,0.37998199879988465,机械设备
2024-02-06,301120,2.0383587809636383,2024-02-07,0.4443184674503237,食品饮料
2024-02-07,300335,3.1923079564585963,2024-02-08,0.29762749069128136,公用事业
2024-02-07,003001,2.9786140385160103,2024-02-08,0.30243197567218044,建筑装饰
2024-02-07,300062,2.830121643117645,2024-02-08,0.23213864911854548,电力设备
2024-02-07,300448,2.60742321981245,2024-02-08,0.31924857348687996,计算机
2024-02-07,603626,2.5923612136843985,2024-02-08,0.37323547777769317,电子
2024-02-07,300169,2.5478809221269465,2024-02-08,0.3015860771973697,基础化工
2024-02-07,688078,2.4819764665410697,2024-02-08,0.33798089734486103,计算机
2024-02-07,002253,2.4000769910019,2024-02-08,0.4146782873989561,计算机
2024-02-07,300386,2.388526219423921,2024-02-08,0.4226060229851121,计算机
2024-02-07,300275,2.280665592991541,2024-02-08,0.2998220069171382,机械设备
2024-02-07,600712,2.238422629643555,2024-02-08,0.4095781561002551,
2024-02-07,301119,2.2088120512179,2024-02-08,0.38301399469394304,汽车
2024-02-07,603226,2.2063451305873585,2024-02-08,0.40501703461933486,
2024-02-07,300582,2.205937340153432,2024-02-08,0.37606089045016367,电子
2024-02-07,603353,2.1731316355837875,2024-02-08,0.3846885440225526,石油石化
2024-02-07,688319,2.168959157056139,2024-02-08,0.33296758983495073,医药生物
2024-02-07,603270,2.1355818981043875,2024-02-08,0.39932380442014265,汽车
2024-02-07,002743,2.1191104876286566,2024-02-08,0.44664469295484943,建筑装饰
2024-02-07,688049,2.0438863003185417,2024-02-08,0.2849573203238737,银行
2024-02-07,688157,2.037077382161666,2024-02-08,0.23572116596251524,基础化工
2024-02-07,605033,2.03253170299587,2024-02-08,0.42072630634777086,
2024-02-07,300787,2.0145011495583818,2024-02-08,0.28492919343480516,电子
2024-02-08,688528,3.416375470383896,2024-02-19,0.23155024925438453,机械设备
2024-02-08,002787,3.191036466296077,2024-02-19,0.2608983674123164,公用事业
2024-02-08,603933,3.1120023928661222,2024-02-19,0.2614012690782532,电子
2024-02-08,300588,3.0608378483949785,2024-02-19,0.268006013934349,计算机
2024-02-08,002862,2.8447301086251,2024-02-19,0.36151048654090556,
2024-02-08,603186,2.7894440602718165,2024-02-19,0.35694611316860186,电子
2024-02-08,002295,2.728328829688365,2024-02-19,0.3063920399669872,有色金属
2024-02-08,000626,2.647461388917276,2024-02-19,0.29606920850383195,交通运输
2024-02-08,688365,2.541845513541726,2024-02-19,0.30534246925253133,计算机
2024-02-08,301396,2.276628032453314,2024-02-19,0.3945626899653285,计算机
2024-02-08,000571,2.1241140010898416,2024-02-19,0.24580102001551832,传媒
2024-02-08,601996,2.0796031921107447,2024-02-19,0.32632828316500573,
2024-02-19,003004,2.927377541216443,2024-02-20,0.22923223070864807,计算机
2024-02-19,605018,2.377635385225774,2024-02-20,0.28498944215432215,汽车
2024-02-19,688616,2.3317393796703545,2024-02-20,0.21954527437630386,电力设备
2024-02-19,605069,2.16856108980006,2024-02-20,0.24517786686103857,银行
2024-02-19,002811,2.144065818192006,2024-02-20,0.2806582298408572,建筑装饰
2024-02-19,000565,2.0253341813834305,2024-02-20,0.2606435535510008,基础化工
2024-02-20,002303,2.8689580185588306,2024-02-21,0.2824870553911149,
2024-02-20,605069,2.4444410643824126,2024-02-21,0.24813565110737876,银行
2024-02-20,001336,2.4081258366116605,2024-02-21,0.280833260482387,环保
2024-02-20,301116,2.297794377203014,2024-02-21,0.2419350622359676,计算机
2024-02-22,688626,2.6162524465281973,2024-02-23,0.22792330461643828,医药生物
2024-02-22,300203,2.104829192313073,2024-02-23,0.2701311621831283,环保
2024-02-22,300105,2.064030962233224,2024-02-23,0.23866651304456044,电力设备
2024-02-22,300700,2.002169554857619,2024-02-23,0.25667889730623306,机械设备
2024-02-23,002399,2.4801987692876057,2024-02-26,0.22527734326833432,医药生物
2024-02-23,688092,2.04086901262361,2024-02-26,0.24372515757999644,机械设备
2024-02-23,000600,2.013281192486635,2024-02-26,0.2406046641776677,公用事业
2024-02-27,601865,2.199423975843956,2024-02-28,0.2464433440962614,电力设备
2024-02-28,603616,2.9187447561770616,2024-02-29,0.26484813796598256,建筑材料
2024-02-28,600883,2.1264243000585266,2024-02-29,0.3671670583952656,建筑材料
2024-02-28,300381,2.121690176983293,2024-02-29,0.32902849081581687,医药生物
2024-02-28,605580,2.0448942411935445,2024-02-29,0.4061872951164882,食品饮料
2024-02-28,002151,2.0057044064059424,2024-02-29,0.27781521140999876,国防军工
2024-02-29,002469,2.834534036416886,2024-03-01,0.2287982950766002,建筑装饰
2024-02-29,301122,2.697933239713678,2024-03-01,0.2678762660853558,食品饮料
2024-02-29,301067,2.5214775974508057,2024-03-01,0.29162204922811036,非银金融
2024-02-29,002615,2.2871910715799144,2024-03-01,0.24773719537318029,
2024-02-29,002612,2.171177762828799,2024-03-01,0.25950329394467253,
2024-02-29,603685,2.054446733384537,2024-03-01,0.28295642124587,电子
2024-03-01,600858,2.5092730495871685,2024-03-04,0.23171581741912126,
2024-03-04,300816,2.533623574560634,2024-03-05,0.3104454128801158,汽车
2024-03-04,002356,2.2960803368358143,2024-03-05,0.3125220698400396,家用电器
2024-03-04,600103,2.239262695569451,2024-03-05,0.2505350932985602,
2024-03-04,600408,2.181830773338296,2024-03-05,0.3028432236123576,非银金融
2024-03-04,301009,2.1505315991441365,2024-03-05,0.2585289104427119,
2024-03-05,301273,3.381538538302673,2024-03-06,0.2859399951269619,环保
2024-03-05,603901,2.204281029478864,2024-03-06,0.3040613425370094,机械设备
2024-03-05,605303,2.11560667100861,2024-03-06,0.2282035339327808,建筑装饰
2024-03-05,300404,2.0187680678966515,2024-03-06,0.2226077270144715,医药生物
2024-03-06,002066,3.544600163150374,2024-03-07,0.2361746815614513,建筑材料
2024-03-06,002398,2.373073144119812,2024-03-07,0.27680994111387563,建筑材料
2024-03-06,688363,2.1013336720902327,2024-03-07,0.238576304419151,
2024-03-07,688682,2.5776159095724687,2024-03-08,0.21938162809177614,国防军工
2024-03-07,600720,2.195513063649164,2024-03-08,0.3199514235131558,食品饮料
2024-03-07,603153,2.0898413773585625,2024-03-08,0.24236648591999366,非银金融
2024-03-07,002594,2.006134640313688,2024-03-08,0.23301814227553697,汽车
2024-03-07,688180,2.0021322468520704,2024-03-08,0.3060702832733781,医药生物
2024-03-08,002952,2.8072230310473416,2024-03-11,0.2571588658917635,电子
2024-03-11,688656,2.699507474894265,2024-03-12,0.21870395647640023,医药生物
2024-03-11,600809,2.6318802241985164,2024-03-12,0.2983079560700399,食品饮料
2024-03-11,600177,2.207517841150436,2024-03-12,0.2424994284725152,
2024-03-12,300394,2.789082375549771,2024-03-13,0.31920566373535375,通信
2024-03-12,600050,2.70113159832492,2024-03-13,0.2786763063998561,计算机
2024-03-13,603665,2.132917451353899,2024-03-14,0.2978955698977201,
2024-03-13,001339,2.069521464825153,2024-03-14,0.25175251775946866,电子
2024-03-13,603929,2.021545242533957,2024-03-14,0.22303350758365015,建筑装饰
2024-03-19,600900,2.045586875151444,2024-03-20,0.23853653643255476,公用事业
2024-03-19,600845,2.0264454950169712,2024-03-20,0.21921442856448112,计算机
2024-03-22,600036,2.35822396134358,2024-03-25,0.24745056058712958,非银金融
2024-03-25,603259,2.669252102354867,2024-03-26,0.23537984508209553,医药生物
2024-03-25,688558,2.5874720708235506,2024-03-26,0.2977604461319041,机械设备
2024-03-25,301067,2.4466248801477373,2024-03-26,0.29149832222265454,电子
2024-03-26,603933,2.844248926558986,2024-03-27,0.2657732724370128,电子
2024-03-26,000799,2.5082521659051453,2024-03-27,0.3651558044121853,食品饮料
2024-03-27,300951,2.017862576198906,2024-03-28,0.22657044818497984,电子
2024-03-29,688023,2.238529651432664,2024-04-01,0.2609112199940971,计算机
2024-03-29,600161,2.111802423057171,2024-04-01,0.23995017198382723,医药生物
2024-04-01,688248,2.2079802619743445,2024-04-02,0.24117331558018623,环保
2024-04-02,002698,2.165471024648616,2024-04-03,0.2894601809209864,机械设备
2024-04-03,300380,2.2059717492102724,2024-04-08,0.3244297240361826,计算机
2024-04-03,301172,2.1954128990925943,2024-04-08,0.27155486296363085,银行
2024-04-08,300756,2.27698932818256,2024-04-09,0.32848159018938333,
2024-04-08,001300,2.0440366876596827,2024-04-09,0.2566161284810395,电子
2024-04-09,002875,3.29842644841363,2024-04-10,0.3025515462431627,
2024-04-09,300896,3.0615177360645296,2024-04-10,0.23187102907673157,食品饮料
2024-04-10,300499,3.169384281315008,2024-04-11,0.2597513078762181,机械设备
2024-04-10,300968,2.9858800318395726,2024-04-11,0.24535068464080528,电子
2024-04-10,300288,2.869381677775652,2024-04-11,0.31986238345858137,计算机
2024-04-10,002656,2.7293892904044403,2024-04-11,0.29303665365366316,
2024-04-10,688002,2.4652466121425523,2024-04-11,0.2499187465955789,国防军工
2024-04-10,002976,2.450909848495503,2024-04-11,0.4308366088592412,计算机
2024-04-11,688255,2.468462556866936,2024-04-12,0.22295590400991905,机械设备
2024-04-11,601636,2.2009345170023664,2024-04-12,0.3209900687565895,建筑材料
2024-04-11,300473,2.013697427967177,2024-04-12,0.3601163729981472,汽车
2024-04-12,001215,2.318457321206536,2024-04-15,0.23105350403232383,非银金融
2024-04-12,300340,2.106232721430979,2024-04-15,0.2663646037912662,电力设备
2024-04-12,688099,2.006588991485172,2024-04-15,0.2318652409769129,电子
2024-04-15,603286,3.4669767514600567,2024-04-16,0.28952498141950955,汽车
2024-04-15,300506,3.1046397208369565,2024-04-16,0.24677262134845987,建筑装饰
2024-04-15,002205,2.301102417519185,2024-04-16,0.3173778061142511,环保
2024-04-15,002767,2.2937215849964936,2024-04-16,0.3014684768959517,机械设备
2024-04-15,300933,2.113258239420351,2024-04-16,0.24208232555448783,电力设备
2024-04-16,300990,2.6612986706634083,2024-04-17,0.22492147130678464,机械设备
2024-04-16,603767,2.576099320183581,2024-04-17,0.32003823392250424,汽车
2024-04-16,603700,2.500878445281092,2024-04-17,0.24826543843603308,机械设备
2024-04-16,688178,2.476310831040114,2024-04-17,0.3669721942469589,环保
2024-04-16,301300,2.216092429410832,2024-04-17,0.3412094784156131,非银金融
2024-04-16,000767,2.199916544119658,2024-04-17,0.27000413195158196,公用事业
2024-04-16,603196,2.029366115972665,2024-04-17,0.3369104983982226,
2024-04-17,002253,3.4654974632259155,2024-04-18,0.267470157285358,计算机
2024-04-17,002114,2.7594534774473365,2024-04-18,0.26803296880823435,有色金属
2024-04-17,600319,2.734764584714047,2024-04-18,0.25005526104821973,农林牧渔
2024-04-17,603797,2.0224171176850665,2024-04-18,0.359700867763318,环保
2024-04-18,300169,3.0618897254675,2024-04-19,0.22319713875611752,基础化工
2024-04-18,300996,2.99359273210276,2024-04-19,0.25570104664090004,计算机
2024-04-18,300935,2.719124937925767,2024-04-19,0.3306304533796917,计算机
2024-04-18,600033,2.133418629083712,2024-04-19,0.22405942852084126,交通运输
2024-04-18,688327,2.084706103369463,2024-04-19,0.2844914967764279,计算机
2024-04-19,000692,2.875815350933859,2024-04-22,0.2689657311321695,家用电器
2024-04-19,000504,2.510605976613858,2024-04-22,0.24509525459665588,医药生物
2024-04-19,600671,2.2895550102450826,2024-04-22,0.28546475302722124,医药生物
2024-04-22,002403,2.832932969822607,2024-04-23,0.2765959658055585,家用电器
2024-04-22,300568,2.7643960634701967,2024-04-23,0.22552136047934715,公用事业
2024-04-22,603031,2.6207440821543444,2024-04-23,0.25179742937870425,公用事业
2024-04-22,600446,2.5159079698809106,2024-04-23,0.28388027193201265,计算机
2024-04-22,301231,2.3921815270273585,2024-04-23,0.2840896432869723,非银金融
2024-04-22,301315,2.191675940470218,2024-04-23,0.2640513229758593,食品饮料
2024-04-22,300547,2.046225605612084,2024-04-23,0.27960492155833,汽车
2024-04-22,301129,2.030300565648697,2024-04-23,0.32537698494458667,电子
2024-04-23,000017,2.964787836440889,2024-04-24,0.22680259776632158,汽车
2024-04-23,002984,2.4701775546817544,2024-04-24,0.2262232067301275,汽车
2024-04-24,688652,2.5104047318997487,2024-04-25,0.2634203069809777,环保
2024-04-24,300170,2.345774814426878,2024-04-25,0.24754082489805385,计算机
2024-04-25,688395,2.188250518819764,2024-04-26,0.26735038451167425,机械设备
2024-04-25,600816,2.115999571086874,2024-04-26,0.24494950395447027,非银金融
2024-04-26,002703,2.362479986772509,2024-04-29,0.2627533549434907,汽车
2024-04-29,003010,2.037864326956976,2024-04-30,0.27880395159258287,
2024-04-30,600398,2.298296642673191,2024-05-06,0.22822046097256576,
2024-04-30,000157,2.264900842111526,2024-05-06,0.2241531655321523,机械设备
2024-04-30,601133,2.126662760380756,2024-05-06,0.21750544025697724,计算机
2024-04-30,600479,2.09176205202783,2024-05-06,0.24914209173463783,医药生物
2024-05-06,000338,2.045148678693854,2024-05-07,0.25278955249123486,汽车
2024-05-06,601088,2.0291289273122146,2024-05-07,0.2691762321592359,煤炭
2024-05-07,002281,2.6945610549481724,2024-05-08,0.3927464840831928,通信
2024-05-07,300795,2.1061331785620254,2024-05-08,0.28399231305630535,非银金融
2024-05-07,603290,2.0985278994607928,2024-05-08,0.25889744599861814,电子
2024-05-08,002742,3.4658041763884464,2024-05-09,0.2651180170745145,环保
2024-05-08,688070,2.5086517963039565,2024-05-09,0.3284922055822674,国防军工
2024-05-08,300440,2.270510529142343,2024-05-09,0.25451534285332994,计算机
2024-05-08,301117,2.135091583860261,2024-05-09,0.28143018283266347,机械设备
2024-05-09,600733,2.612710705437969,2024-05-10,0.22218659346209393,汽车
2024-05-09,300896,2.0596368516619656,2024-05-10,0.2386856180473634,
2024-05-10,603879,3.082983280094328,2024-05-13,0.3156428070094309,计算机
2024-05-13,300410,2.8073502727662696,2024-05-14,0.2900124821892121,机械设备
2024-05-13,002094,2.527786504816261,2024-05-14,0.3350581938497632,
2024-05-13,002354,2.505127438405515,2024-05-14,0.26154993601332205,公用事业
2024-05-13,002656,2.4513864986325085,2024-05-14,0.31287932479811864,环保
2024-05-13,000506,2.3113837368322967,2024-05-14,0.36359030891954247,计算机
2024-05-13,300097,2.2822967403557555,2024-05-14,0.2735303897038177,机械设备
2024-05-13,688004,2.195933637982981,2024-05-14,0.3670000715248062,计算机
2024-05-13,300184,2.126870127770664,2024-05-14,0.3310325063300947,电子
2024-05-13,300513,2.0240943952654136,2024-05-14,0.4713460690621903,通信
2024-05-14,301096,2.670060593943372,2024-05-15,0.32010984658302144,食品饮料
2024-05-14,600446,2.283175360852993,2024-05-15,0.2546727666026745,计算机
2024-05-14,300080,2.196255239098869,2024-05-15,0.21904970495799375,机械设备
2024-05-14,300079,2.139414375081054,2024-05-15,0.2561167905792155,计算机
2024-05-15,002197,2.84088957524407,2024-05-16,0.27022723944465626,计算机
2024-05-15,300393,2.436585029130815,2024-05-16,0.25186148384083057,电力设备
2024-05-15,300412,2.3538633762388894,2024-05-16,0.25654640947338087,机械设备
2024-05-15,600227,2.2773298739371866,2024-05-16,0.2642134534415506,食品饮料
2024-05-16,300394,2.982517038345449,2024-05-17,0.2471124050734718,通信
2024-05-16,300957,2.368587174373265,2024-05-17,0.22205342765744362,
2024-05-20,002535,3.419532829379082,2024-05-21,0.27558335755075775,机械设备
2024-05-21,603927,3.103490525442438,2024-05-22,0.22728068834351736,计算机
2024-05-21,603159,2.0591477888624112,2024-05-22,0.31512371102677267,机械设备
2024-05-21,688981,2.030647373401515,2024-05-22,0.28426159884887936,电子
2024-05-22,688036,2.1042397691952583,2024-05-23,0.25502015927583815,计算机
2024-05-22,300036,2.000750333404339,2024-05-23,0.2738574897158918,计算机
2024-05-23,000070,4.101297586568462,2024-05-24,0.23268015401665923,家用电器
2024-05-23,603520,2.403816593167292,2024-05-24,0.23622295850194394,医药生物
2024-05-23,301187,2.3372058899558263,2024-05-24,0.293286424479338,公用事业
2024-05-23,688315,2.2763766629083206,2024-05-24,0.28783609566616203,医药生物
2024-05-23,600997,2.1665069952324005,2024-05-24,0.2712146484890808,煤炭
2024-05-23,688657,2.078928253517745,2024-05-24,0.2295416311325035,非银金融
2024-05-24,300078,2.9852809972971173,2024-05-27,0.24007360592462373,机械设备
2024-05-24,300394,2.2666349008316526,2024-05-27,0.2996526815145345,通信
2024-05-27,603233,2.157795209405008,2024-05-28,0.26968886182706353,医药生物
2024-05-28,603220,2.149397841294612,2024-05-29,0.39719575819026626,通信
2024-05-28,301508,2.0250771475048417,2024-05-29,0.2622639764444402,食品饮料
2024-05-29,601929,2.775383043626433,2024-05-30,0.22342824585332496,电子
2024-05-29,300045,2.653533747873936,2024-05-30,0.25907464834281824,国防军工
2024-05-29,002362,2.373894377961922,2024-05-30,0.3230550419225788,计算机
2024-05-31,600031,2.354020205642076,2024-06-03,0.23362313302569393,机械设备
2024-05-31,300913,2.188349170155416,2024-06-03,0.2939723506435464,通信
2024-06-03,300163,2.6869111429879124,2024-06-04,0.30234649270601643,环保
2024-06-03,002272,2.206149329913877,2024-06-04,0.258628897167227,机械设备
2024-06-04,301063,3.408043681240592,2024-06-05,0.23306944152337858,非银金融
2024-06-04,300095,2.79129443691352,2024-06-05,0.292090530880125,机械设备
2024-06-04,300838,2.478234846611341,2024-06-05,0.3058249488300845,机械设备
2024-06-04,300929,2.4061519261331705,2024-06-05,0.3079728019501725,环保
2024-06-04,603042,2.1137073413241403,2024-06-05,0.39006100747040784,通信
2024-06-04,301226,2.021581844763744,2024-06-05,0.3071267780016372,非银金融
2024-06-04,301212,2.0046834419548967,2024-06-05,0.28128121649633675,医药生物
2024-06-05,300632,2.7177436399080857,2024-06-06,0.273786695031763,电子
2024-06-05,301578,2.629546825132727,2024-06-06,0.35305664193705266,建筑材料
2024-06-05,301149,2.498057491741805,2024-06-06,0.263292900000581,环保
2024-06-05,600778,2.494949915766856,2024-06-06,0.3227874734293938,
2024-06-05,300175,2.2419337562644275,2024-06-06,0.260731234572166,农林牧渔
2024-06-06,001230,2.964389016853464,2024-06-07,0.3454400093077831,环保
2024-06-06,603879,2.5252701148841963,2024-06-07,0.33754755402867387,食品饮料
2024-06-06,002471,2.2063746514012235,2024-06-07,0.24602395405034855,电力设备
2024-06-06,600610,2.0866889271199427,2024-06-07,0.22187700659226173,基础化工
2024-06-06,688291,2.0576742379269364,2024-06-07,0.339942339643956,非银金融
2024-06-07,002269,3.3375079688904066,2024-06-11,0.2511790461881576,
2024-06-07,688353,2.821519497442264,2024-06-11,0.2834615638916441,公用事业
2024-06-07,002161,2.395809846420746,2024-06-11,0.21906244427875,电子
2024-06-07,688657,2.363827551890376,2024-06-11,0.26267343078246497,计算机
2024-06-11,603863,3.3664541088585422,2024-06-12,0.33616180868088213,计算机
2024-06-11,601162,2.4285139777791303,2024-06-12,0.21776385362726097,非银金融
2024-06-11,600360,2.4163309235959325,2024-06-12,0.2782828400625752,非银金融
2024-06-12,003029,2.390529216167714,2024-06-13,0.2175974126043522,计算机
2024-06-12,603969,2.3780141260068497,2024-06-13,0.23552058435300643,机械设备
2024-06-12,688588,2.06412004339781,2024-06-13,0.25203678731737805,计算机
2024-06-13,301331,3.571514759225724,2024-06-14,0.23822841235892364,医药生物
2024-06-13,003031,2.3589758749587206,2024-06-14,0.4058331364540359,通信
2024-06-17,000034,3.6807333577251216,2024-06-18,0.32380635003910163,计算机
2024-06-18,000882,2.847068768600312,2024-06-19,0.3026902568055805,
2024-06-18,300056,2.446995552336167,2024-06-19,0.3177103392154471,环保
2024-06-18,000672,2.442041650749654,2024-06-19,0.25380333687733597,建筑材料
2024-06-18,301089,2.3699978450015804,2024-06-19,0.2453404496871167,医药生物
2024-06-18,300833,2.2555762474124084,2024-06-19,0.22534113954002613,机械设备
2024-06-19,688455,2.0771858962423853,2024-06-20,0.26566827275057014,煤炭
2024-06-20,000999,2.0333682766145067,2024-06-21,0.26341783817275854,医药生物
2024-06-21,688257,2.989563502277287,2024-06-24,0.2502242086223047,
2024-06-21,002304,2.2734182351052987,2024-06-24,0.34425924130602314,食品饮料
2024-06-21,603833,2.131037424355616,2024-06-24,0.22542051205203928,
2024-06-24,603137,3.486713160446586,2024-06-25,0.2984008327972279,环保
2024-06-24,002289,2.9019508711106106,2024-06-25,0.4218417889607189,计算机
2024-06-24,301413,2.6486841132275107,2024-06-25,0.2574647321947497,非银金融
2024-06-24,603500,2.046766390418493,2024-06-25,0.30091195027660367,机械设备
2024-06-25,688058,4.403565909131973,2024-06-26,0.28803509066563454,计算机
2024-06-25,300682,2.439461648467673,2024-06-26,0.29424545173154515,计算机
2024-06-25,300040,2.3178626153833704,2024-06-26,0.25252311052665155,电力设备
2024-06-25,301052,2.109805037561426,2024-06-26,0.2493766397742982,农林牧渔
2024-06-26,000882,2.495594937397549,2024-06-27,0.23966570449739086,非银金融
2024-06-27,601127,3.6000611458115004,2024-06-28,0.32818500862623184,汽车
2024-06-27,688581,3.035532735123009,2024-06-28,0.2262926730442505,非银金融
2024-06-27,301315,2.819328994084386,2024-06-28,0.2547142675198165,食品饮料
2024-06-27,603931,2.6962844568139697,2024-06-28,0.29874036604631815,电子
2024-06-27,603881,2.558365299957718,2024-06-28,0.2520793143298933,计算机
2024-06-27,300736,2.4932339327793134,2024-06-28,0.37073602419037577,电子
2024-06-28,603050,3.043331885954693,2024-07-01,0.22775914300603928,电力设备
2024-06-28,301267,2.7550240564397424,2024-07-01,0.2940735615816846,医药生物
2024-06-28,688443,2.6748936198213995,2024-07-01,0.2912905391554924,医药生物
2024-06-28,002735,2.646816048465226,2024-07-01,0.3056385128991841,
2024-07-01,605111,2.956652834688785,2024-07-02,0.26053273562748563,电子
2024-07-01,600545,2.690715196985397,2024-07-02,0.24113941731582766,机械设备
2024-07-01,688052,2.104506489295776,2024-07-02,0.2917625369439546,非银金融
2024-07-02,000921,3.014176598560489,2024-07-03,0.30049338048339913,家用电器
2024-07-02,688711,2.3095423299246627,2024-07-03,0.22793611992781768,环保
2024-07-03,603317,2.4488880959098074,2024-07-04,0.3350577376780535,食品饮料
2024-07-03,600161,2.33145230098003,2024-07-04,0.2735851398630714,医药生物
2024-07-03,002867,2.261997848765776,2024-07-04,0.27686290840927613,
2024-07-04,603880,2.679115629942189,2024-07-05,0.29389157046320996,医药生物
2024-07-04,300833,2.5941652934565145,2024-07-05,0.22363107508099533,机械设备
2024-07-04,300206,2.387331952285736,2024-07-05,0.3099844986588625,医药生物
2024-07-04,688375,2.2892182829572416,2024-07-05,0.25751721703037683,银行
2024-07-04,688516,2.1680397073622992,2024-07-05,0.2565824935926543,电力设备
2024-07-08,301310,2.7259505337513543,2024-07-09,0.2384015779681824,银行
2024-07-08,688687,2.2899879300931465,2024-07-09,0.25011753860169816,医药生物
2024-07-08,688433,2.056043914530872,2024-07-09,0.31402058055194365,非银金融
2024-07-08,688017,2.000466551797995,2024-07-09,0.2334550533183039,机械设备
2024-07-09,603137,2.4910969638965543,2024-07-10,0.3131652628070877,环保
2024-07-09,603383,2.469172882662705,2024-07-10,0.2590229087432886,计算机
2024-07-09,600970,2.3013750147063154,2024-07-10,0.2610246526703718,建筑装饰
2024-07-09,000663,2.098453869108231,2024-07-10,0.2568286892966377,农林牧渔
2024-07-09,688058,2.066807394996506,2024-07-10,0.27590473506650637,计算机
2024-07-10,300376,2.935600188256886,2024-07-11,0.2629798041784247,电力设备
2024-07-10,600579,2.8566150824144443,2024-07-11,0.33152715957592666,机械设备
2024-07-10,300751,2.3463470712111705,2024-07-11,0.24344054350447947,电力设备
2024-07-11,688283,2.001744452729727,2024-07-12,0.26206703183657487,环保
2024-07-12,603990,2.637352877264818,2024-07-15,0.2405395891819212,计算机
2024-07-15,000680,2.7216024894457127,2024-07-16,0.24895667955459938,机械设备
2024-07-16,300260,2.0677488302718445,2024-07-17,0.21882387502664835,机械设备
2024-07-16,301345,2.008477848096897,2024-07-17,0.2372195913296745,非银金融
2024-07-17,300417,2.512003484935366,2024-07-18,0.2888278765121813,机械设备
2024-07-17,300097,2.470758134394312,2024-07-18,0.28941194892393546,机械设备
2024-07-17,300700,2.276337119486896,2024-07-18,0.24318594593164425,机械设备
2024-07-17,688696,2.245574283311723,2024-07-18,0.3025143767413678,家用电器
2024-07-17,301005,2.210307505522844,2024-07-18,0.3227225951636951,汽车
2024-07-18,300308,2.322006833508035,2024-07-19,0.4248928074511559,通信
2024-07-18,300876,2.2795810861863366,2024-07-19,0.22637200351254197,基础化工
2024-07-19,605555,2.642803352006469,2024-07-22,0.2702676270127965,汽车
2024-07-19,001203,2.2742180472170688,2024-07-22,0.2972427766059827,钢铁
2024-07-19,002085,2.148130446590716,2024-07-22,0.26001521329591193,汽车
2024-07-19,688498,2.062759701019135,2024-07-22,0.33105783543674194,食品饮料
2024-07-22,000544,2.1151768646315854,2024-07-23,0.2849816584832786,环保
2024-07-23,002983,2.485824704220409,2024-07-24,0.31179332758863104,电子
2024-07-24,000981,4.02217632385735,2024-07-25,0.25950688068843325,汽车
2024-07-24,000596,2.7315146616522243,2024-07-25,0.30638231795016047,食品饮料
2024-07-24,603348,2.5945387404925624,2024-07-25,0.2507228120734908,汽车
2024-07-24,002613,2.335753027803104,2024-07-25,0.3514910951180524,建筑材料
2024-07-24,688359,2.2295806020101008,2024-07-25,0.24025153212183856,电子
2024-07-25,600322,2.0371028858839137,2024-07-26,0.24684020510348176,机械设备
2024-07-26,600513,2.620091860424452,2024-07-29,0.22881059379336025,医药生物
2024-07-26,600926,2.594210886965568,2024-07-29,0.2402752430915058,银行
2024-07-26,600398,2.2421670155873525,2024-07-29,0.24201846268165755,
2024-07-30,000568,3.05944802719379,2024-07-31,0.2772417357940862,食品饮料
2024-07-31,300723,3.906682864276102,2024-08-01,0.2428158374035635,计算机
2024-07-31,000875,2.4971217419010374,2024-08-01,0.24057472059494803,公用事业
2024-07-31,600660,2.0939395293251524,2024-08-01,0.286429500294382,汽车
2024-07-31,300056,2.0484933158189227,2024-08-01,0.30651234148548495,环保
2024-07-31,002375,2.021813250703476,2024-08-01,0.22180980714109041,建筑装饰
2024-07-31,002787,2.012892377681845,2024-08-01,0.28981475800443435,
2024-08-01,603883,3.011630571447162,2024-08-02,0.2299477593749884,医药生物
2024-08-01,002867,2.1817904532707253,2024-08-02,0.23343838534130737,
2024-08-01,605388,2.029338220970222,2024-08-02,0.28135248801037144,食品饮料
2024-08-02,300879,2.2248520505771525,2024-08-05,0.2442045656710811,机械设备
2024-08-02,300723,2.155317289876117,2024-08-05,0.2432486987090296,医药生物
2024-08-05,002273,3.111794217930784,2024-08-06,0.2331019092093208,电子
2024-08-05,300128,2.537439189388599,2024-08-06,0.22770232978219676,电子
2024-08-05,300517,2.5319684926114863,2024-08-06,0.2500403491861943,建筑装饰
2024-08-05,300812,2.3096135654201606,2024-08-06,0.2924502884111119,电子
2024-08-06,605188,3.729989182049904,2024-08-07,0.24955257774499356,
2024-08-07,301132,2.2634291217821865,2024-08-08,0.22430302807830163,环保
2024-08-07,603661,2.0447088212300724,2024-08-08,0.2190208582244668,
2024-08-08,600386,2.1047094422721377,2024-08-09,0.33922170210557046,汽车
2024-08-08,300661,2.09558674070088,2024-08-09,0.23267634681898122,电子
2024-08-09,002316,2.7483936258776787,2024-08-12,0.25283461415407654,公用事业
2024-08-12,301567,2.644407466850617,2024-08-13,0.3021087157136557,非银金融
2024-08-13,603135,2.061189112416049,2024-08-14,0.2296758121591832,计算机
2024-08-14,688443,2.714751443895854,2024-08-15,0.2780736133558535,食品饮料
2024-08-14,002840,2.276176656525976,2024-08-15,0.300653675168398,食品饮料
2024-08-15,600733,2.6848968514063176,2024-08-16,0.28606959719898384,汽车
2024-08-16,688570,2.7165560439878007,2024-08-19,0.22038010044051104,银行
2024-08-16,300552,2.448827436624636,2024-08-19,0.33258089055946327,计算机
2024-08-19,000981,2.907125535732637,2024-08-20,0.23117708852735652,汽车
2024-08-19,002723,2.0492406125835947,2024-08-20,0.3084448276924666,计算机
2024-08-20,300314,3.0980107698880066,2024-08-21,0.29796067348004124,医药生物
2024-08-20,002840,2.255692679339578,2024-08-21,0.26643796253657415,食品饮料
2024-08-20,301229,2.207544138466268,2024-08-21,0.26885714507691444,农林牧渔
2024-08-20,600282,2.0090268085759058,2024-08-21,0.240331313892563,钢铁
2024-08-21,300226,2.577222751110992,2024-08-22,0.2537627797018071,计算机
2024-08-21,601865,2.4072927859296795,2024-08-22,0.24488318267865955,电力设备
2024-08-21,603633,2.218405821222872,2024-08-22,0.2240749186355303,电子
2024-08-22,688653,2.48076633329622,2024-08-23,0.29258904130927127,通信
2024-08-22,603686,2.171414530970704,2024-08-23,0.23927633687604488,环保
2024-08-22,688526,2.028246214363728,2024-08-23,0.2603900627351842,农林牧渔
2024-08-23,301421,3.0180419502801006,2024-08-26,0.2547000876164434,汽车
2024-08-23,603079,2.600787297129064,2024-08-26,0.2331345267738509,医药生物
2024-08-23,002840,2.5757466936836098,2024-08-26,0.250185045250141,食品饮料
2024-08-23,002001,2.2962752785718235,2024-08-26,0.25199335004899454,医药生物
2024-08-23,605088,2.274348084731826,2024-08-26,0.27867924804679006,汽车
2024-08-23,601615,2.2663956696251315,2024-08-26,0.23305740595346683,公用事业
2024-08-23,300120,2.0870902979561405,2024-08-26,0.24679348045331398,电子
2024-08-23,688520,2.024959241672218,2024-08-26,0.24620707784760917,医药生物
2024-08-26,603267,3.2487499412935,2024-08-27,0.2493010127275011,国防军工
2024-08-26,688016,2.04345787099741,2024-08-27,0.22643046194055516,医药生物
2024-08-26,688520,2.007244260146289,2024-08-27,0.21880756011543118,医药生物
2024-08-27,301399,2.185974373660686,2024-08-28,0.25264366374534786,计算机
2024-08-27,002150,2.07226291255446,2024-08-28,0.26409673627671804,机械设备
2024-08-28,603496,2.647530092444616,2024-08-29,0.256520721986645,计算机
2024-08-28,002048,2.255745376980689,2024-08-29,0.23991809838017733,汽车
2024-08-28,002864,2.2510164685225256,2024-08-29,0.24837462129143023,医药生物
2024-08-29,300845,2.4208714673922445,2024-08-30,0.22566684148020327,计算机
2024-08-30,601838,2.057049742134242,2024-09-02,0.22572045240297287,银行
2024-09-03,603027,2.8768738119851465,2024-09-04,0.2797085596703753,食品饮料
2024-09-03,600617,2.255477445247221,2024-09-04,0.27376109114329666,公用事业
2024-09-04,688701,2.406012298481102,2024-09-05,0.2655059323843597,银行
2024-09-04,688409,2.0168741165428785,2024-09-05,0.21733081940752583,计算机
2024-09-05,601001,2.1504369806572634,2024-09-06,0.27113465607084875,煤炭
2024-09-10,603886,2.0357089994449367,2024-09-11,0.3295660832638285,食品饮料
2024-09-11,600938,2.31201144863991,2024-09-12,0.2681932134745048,机械设备
2024-09-11,600016,2.171753386797921,2024-09-12,0.24318091088164107,银行
2024-09-11,600569,2.121980791042497,2024-09-12,0.26384330015834023,钢铁
2024-09-12,300563,2.79208100710556,2024-09-13,0.3720209911733564,通信
2024-09-12,603059,2.449498133796514,2024-09-13,0.30140391414716505,
2024-09-13,600733,2.287209891814054,2024-09-18,0.21863459602822083,汽车
2024-09-13,000858,2.014880601322276,2024-09-18,0.3333384067149027,食品饮料
2024-09-18,688658,3.182161445887666,2024-09-19,0.21976894159270746,医药生物
2024-09-18,688375,2.154591051999865,2024-09-19,0.2609958219344606,机械设备
2024-09-18,688110,2.0272077909320694,2024-09-19,0.2553248475326393,电子
2024-09-20,603535,2.48061685213764,2024-09-23,0.24839089598180691,交通运输
2024-09-20,603160,2.104649366366463,2024-09-23,0.2795606049120807,电子
2024-09-23,000545,2.132569828117864,2024-09-24,0.2198135742343522,基础化工
2024-09-24,002880,2.137162395011248,2024-09-25,0.28279471638683845,医药生物
2024-09-25,001306,2.072976878177391,2024-09-26,0.3024540949764254,汽车
2024-09-26,000543,2.350678711503199,2024-09-27,0.28601935579274956,公用事业
2024-09-27,002972,2.2212541592074992,2024-09-30,0.2839005589044369,机械设备
2024-09-27,300562,2.134090972743983,2024-09-30,0.23404635705208188,医药生物
2024-09-27,603358,2.133734763994977,2024-09-30,0.30386815176841747,汽车
2024-09-30,600941,2.67278527909523,2024-10-08,0.40187080989445384,通信
2024-09-30,600795,2.665447503071753,2024-10-08,0.302982843009393,公用事业
2024-09-30,600674,2.580956566859584,2024-10-08,0.25909588044353526,公用事业
2024-09-30,603488,2.399320589104022,2024-10-08,0.26696547037867435,机械设备
2024-10-08,601225,2.784097386056608,2024-10-09,0.33239044522187455,煤炭
2024-10-08,600029,2.3730183792761608,2024-10-09,0.2862513610473348,交通运输
2024-10-08,605188,2.1450168519508,2024-10-09,0.31210588757922747,
2024-10-09,600493,2.0444027181384388,2024-10-10,0.3481491453994853,
2024-10-10,002496,2.9176982207774467,2024-10-11,0.2672447657367189,石油石化
2024-10-10,605499,2.868674555977049,2024-10-11,0.2844266505472361,食品饮料
2024-10-10,000950,2.192741899189307,2024-10-11,0.2440976602566349,医药生物
2024-10-10,601211,2.1515858269667736,2024-10-11,0.22578428905141515,非银金融
2024-10-10,000545,2.046601089314568,2024-10-11,0.23276980236888964,基础化工
2024-10-16,603112,2.107303562613294,2024-10-17,0.3026302617626326,家用电器
2024-10-16,300736,2.1051131205401195,2024-10-17,0.23945536394700326,电子
2024-10-17,601038,2.344043597915737,2024-10-18,0.30761434876474214,机械设备
2024-10-17,688099,2.331427342499364,2024-10-18,0.22660736314564367,电子
2024-10-17,300498,2.122665530593813,2024-10-18,0.23831231696473182,农林牧渔
2024-10-21,688793,2.655170566135183,2024-10-22,0.285670432624872,家用电器
2024-10-21,600741,2.0670026548980256,2024-10-22,0.2896226694736494,汽车
2024-10-21,601088,2.017282944266876,2024-10-22,0.3299687941211443,煤炭
2024-10-23,603307,2.272526341087407,2024-10-24,0.23833216708683175,
2024-10-30,605499,2.838942846120247,2024-10-31,0.25519532185336746,食品饮料
2024-10-30,002252,2.5493405622858667,2024-10-31,0.26049688557045225,医药生物
2024-10-30,601058,2.2251704508513206,2024-10-31,0.24424081894035557,汽车
2024-11-05,301608,2.3730984584282826,2024-11-06,0.31428003079156336,环保
2024-11-05,002762,2.132440454653393,2024-11-06,0.2893197895661469,
2024-11-05,000913,2.096902983443213,2024-11-06,0.2979164241029049,汽车
2024-11-05,605499,2.0592047682847485,2024-11-06,0.2709157116754611,食品饮料
2024-11-12,300408,2.1501424864996963,2024-11-13,0.24177003102565583,电子
2024-11-13,002653,2.4123731241932083,2024-11-14,0.23515816697147654,医药生物
2024-11-13,301363,2.075089402622858,2024-11-14,0.23919865890733694,医药生物
2024-11-14,002537,2.011488312278692,2024-11-15,0.2813919569244534,汽车
2024-11-15,300476,2.3781408618574065,2024-11-18,0.25016444850549263,电子
2024-11-15,300471,2.1103629762919427,2024-11-18,0.2907978949324508,机械设备
2024-11-18,300623,2.157423703536092,2024-11-19,0.2894631801934884,电子
2024-11-19,688368,2.0925443795304504,2024-11-20,0.283665420358647,电子
2024-11-19,301283,2.002392429601449,2024-11-20,0.23991994830612162,农林牧渔
2024-11-20,688130,2.9722286494331707,2024-11-21,0.35919963942619126,计算机
2024-11-20,300763,2.3381562721751354,2024-11-21,0.22222649595554173,电力设备
2024-11-20,688110,2.313707432249472,2024-11-21,0.29840598599191603,环保
2024-11-21,601138,2.1907992325799093,2024-11-22,0.29595173197146935,电子
2024-11-21,600999,2.077601712688966,2024-11-22,0.21991987567005417,非银金融
2024-11-21,301047,2.0770381589004243,2024-11-22,0.28395896183790265,非银金融
2024-11-22,688680,2.4789512505754154,2024-11-25,0.24701955778854184,电力设备
2024-11-22,002885,2.2990567281260867,2024-11-25,0.27956234166189897,电子
2024-11-26,300102,2.7059018587345887,2024-11-27,0.28542460433249894,电子
2024-11-26,688150,2.246470746069791,2024-11-27,0.2611010634234143,非银金融
2024-11-26,300927,2.1608064826333298,2024-11-27,0.22652063927780522,基础化工
2024-11-26,600611,2.1286890157711618,2024-11-27,0.22074747657613109,交通运输
2024-11-26,000807,2.033626010019774,2024-11-27,0.24253453480413084,有色金属
2024-11-26,300695,2.032141160969087,2024-11-27,0.31306345497465676,汽车
2024-11-27,002559,2.040085963416196,2024-11-28,0.2636683787398718,机械设备
2024-11-28,603079,2.4008159367558104,2024-11-29,0.2419806674504059,医药生物
2024-11-28,002815,2.17933181514286,2024-11-29,0.24634341893737896,电子
2024-11-28,301070,2.05052234283324,2024-11-29,0.2532711835502154,电子
2024-11-29,688167,2.149842931209938,2024-12-02,0.2970234210484898,汽车
2024-12-02,000829,2.149498668279849,2024-12-03,0.30503221354364246,
2024-12-03,300813,2.652242149336895,2024-12-04,0.24748200487378144,机械设备
2024-12-03,002236,2.5617016362979794,2024-12-04,0.29586083856263795,计算机
2024-12-03,002985,2.3122264317604326,2024-12-04,0.2657002838954096,国防军工
2024-12-03,301200,2.297450161261156,2024-12-04,0.2767176892225719,机械设备
2024-12-03,000534,2.167962875511096,2024-12-04,0.26062573537959965,医药生物
2024-12-04,002126,2.4191352101103005,2024-12-05,0.30459780780042234,汽车
2024-12-04,300565,2.070023977421819,2024-12-05,0.43878791273736784,通信
2024-12-04,301191,2.068566088571683,2024-12-05,0.26221076980740876,公用事业
2024-12-05,603268,3.5303719061224537,2024-12-06,0.24450792980094213,
2024-12-05,300683,2.4373429138526976,2024-12-06,0.24975607309971534,医药生物
2024-12-05,300925,2.095348414914288,2024-12-06,0.2977919248967991,计算机
2024-12-05,002294,2.049808006259048,2024-12-06,0.23196785557690347,医药生物
2024-12-06,300883,2.08578811208388,2024-12-09,0.2850625899421808,计算机
2024-12-09,688168,2.474390941851785,2024-12-10,0.2904457823419256,计算机
2024-12-09,300776,2.163044215981828,2024-12-10,0.21756238029338468,电力设备
2024-12-09,301155,2.038037856775673,2024-12-10,0.23555701242473526,公用事业
2024-12-10,600563,2.492458027441316,2024-12-11,0.2601002652399138,电子
2024-12-10,002156,2.368939716000987,2024-12-11,0.24083521110928932,电子
2024-12-10,300752,2.2243179259984767,2024-12-11,0.24394426860413887,电子
2024-12-10,600629,2.080855495629896,2024-12-11,0.26445678238728987,建筑装饰
2024-12-11,002633,3.06297849708453,2024-12-12,0.2593372122843661,机械设备
2024-12-11,600323,2.032524984781128,2024-12-12,0.23937249224426108,环保
2024-12-12,603005,2.339539151964633,2024-12-13,0.25144012355210366,电子
2024-12-12,300046,2.091964354909384,2024-12-13,0.2524618998463789,电子
2024-12-16,300484,2.762945998664361,2024-12-17,0.2569975999669517,机械设备
2024-12-16,688535,2.232633943870999,2024-12-17,0.25611862190038664,电子
2024-12-17,688058,2.3351273274302504,2024-12-18,0.35306817276987595,计算机
2024-12-17,688328,2.041781259962073,2024-12-18,0.2836409918117968,机械设备
2024-12-18,002787,3.445946633538937,2024-12-19,0.24280682908058285,
2024-12-18,301072,2.604929665819599,2024-12-19,0.25595537069818686,汽车
2024-12-18,688638,2.234345958354264,2024-12-19,0.2510093314935251,电子
2024-12-19,600800,2.209635033523649,2024-12-20,0.26484896250044543,石油石化
2024-12-19,300813,2.0004060024033468,2024-12-20,0.27493897338817025,机械设备
2024-12-20,002928,2.7814999048298787,2024-12-23,0.21806252135692114,交通运输
2024-12-20,603015,2.423907246307202,2024-12-23,0.26234597639364854,机械设备
2024-12-20,605196,2.3259813378943512,2024-12-23,0.23875397114163796,电力设备
2024-12-24,603669,2.631409551642541,2024-12-25,0.2400760311274695,医药生物
2024-12-24,002858,2.6172610909351066,2024-12-25,0.2865114557153893,计算机
2024-12-24,000761,2.5470273345567067,2024-12-25,0.2403121912292602,非银金融
2024-12-24,300350,2.4809988940086463,2024-12-25,0.2279432464085583,交通运输
2024-12-24,002679,2.395843045578876,2024-12-25,0.22232408325665812,农林牧渔
2024-12-24,688309,2.3949620000606533,2024-12-25,0.29914564813079547,环保
2024-12-24,688511,2.132804840484264,2024-12-25,0.3392686697396462,国防军工
2024-12-24,300120,2.0754504160527487,2024-12-25,0.26793377834852683,电子
2024-12-25,300269,2.519841726120097,2024-12-26,0.2683442890095847,电子
2024-12-25,300551,2.48760435338092,2024-12-26,0.3279273598461896,计算机
2024-12-25,002800,2.2329939698617336,2024-12-26,0.23464948256033785,交通运输
2024-12-25,000757,2.223097781294215,2024-12-26,0.29825908797099654,汽车
2024-12-25,000995,2.159746881198497,2024-12-26,0.3659937536951661,食品饮料
2024-12-25,002829,2.037420180833396,2024-12-26,0.30734059015631915,国防军工
2024-12-26,000890,2.6252317643278364,2024-12-27,0.29465281579242436,机械设备
2024-12-26,301372,2.351875454849586,2024-12-27,0.29899169603730197,环保
2024-12-26,003040,2.347061042196562,2024-12-27,0.4067245784142329,通信
2024-12-26,301152,2.1209091573439824,2024-12-27,0.23500754630702408,有色金属
2024-12-26,002850,2.08125375716527,2024-12-27,0.24324933040816532,电力设备
2024-12-26,600130,2.079015052861666,2024-12-27,0.2784201649186801,电子
2024-12-26,300283,2.0304315434494606,2024-12-27,0.232620219142217,电力设备
2024-12-26,688212,2.0153726833763344,2024-12-27,0.27975799112272975,医药生物
2024-12-27,002005,3.675972530787221,2024-12-30,0.24555457432016686,家用电器
2024-12-27,000518,2.878243945132504,2024-12-30,0.2536569543639651,医药生物
2024-12-27,603779,2.5603905068640067,2024-12-30,0.33157962901803,计算机
2024-12-27,300210,2.5000124969018183,2024-12-30,0.2844740780517533,环保
2024-12-27,300592,2.485562353972369,2024-12-30,0.254950506847898,建筑装饰
2024-12-27,300632,2.3631416159323786,2024-12-30,0.2679480342852312,电子
2024-12-27,688466,2.27475433569772,2024-12-30,0.2982072926024966,环保
2024-12-27,603019,2.1259777319565423,2024-12-30,0.3308932072274592,计算机
2024-12-27,600536,2.022272167287645,2024-12-30,0.3413872485787645,计算机
2024-12-30,300269,2.196416940182078,2024-12-31,0.2611223619114474,电子
2024-12-30,002529,2.178504502175992,2024-12-31,0.2705608151313786,机械设备
2024-12-30,600400,2.0032559553081,2024-12-31,0.3202820703752989,
2024-12-31,002587,3.113642978243289,2025-01-02,0.2701053150523775,电子
2024-12-31,603188,2.228128220895382,2025-01-02,0.23703591566486593,基础化工
2024-12-31,300576,2.215317803181507,2025-01-02,0.34244635521253014,电子
2024-12-31,002248,2.175176797677127,2025-01-02,0.2836811019053761,机械设备
2024-12-31,301178,2.0805881602079053,2025-01-02,0.36325484507125727,计算机
2025-01-03,300310,2.758277302117416,2025-01-06,0.3981783475083217,通信
2025-01-06,300175,2.5335278852991783,2025-01-07,0.3948590208245978,农林牧渔
2025-01-06,300769,2.183804212020099,2025-01-07,0.3355224306993201,电力设备
2025-01-06,603988,2.0737278097535965,2025-01-07,0.35707411709283515,电力设备
2025-01-06,601798,2.0205564047497795,2025-01-07,0.337627817471836,机械设备
2025-01-06,603042,2.018982255053888,2025-01-07,0.4090512691542173,通信
2025-01-07,300765,2.5227498981671435,2025-01-08,0.2855682388578746,医药生物
2025-01-07,002792,2.2127717617449614,2025-01-08,0.3949634366724471,通信
2025-01-07,002858,2.187626857418465,2025-01-08,0.3163479441591134,计算机
2025-01-07,300397,2.0803993032701147,2025-01-08,0.2891223481420502,国防军工
2025-01-09,301127,2.5708454547247954,2025-01-10,0.3305264543768199,环保
2025-01-09,300798,2.3835884602287987,2025-01-10,0.2910555515208469,基础化工
2025-01-09,688139,2.046194455548546,2025-01-10,0.2719143063036913,医药生物
2025-01-10,600151,2.228089068483761,2025-01-13,0.2823470785680116,电力设备
2025-01-10,300798,2.0955861665210054,2025-01-13,0.27784952781871186,基础化工
2025-01-10,300085,2.072602298447672,2025-01-13,0.3706780190372169,计算机
2025-01-13,688296,2.415613944850993,2025-01-14,0.4517953730845202,计算机
2025-01-14,603823,2.4058358697979045,2025-01-15,0.26263618955463947,基础化工
2025-01-14,300816,2.0175809564052134,2025-01-15,0.34668323566645576,汽车
2025-01-15,600575,2.6781408034460554,2025-01-16,0.33098975068727055,交通运输
2025-01-15,603392,2.005036957066934,2025-01-16,0.27655622929815565,医药生物
2025-01-16,002277,2.0673004924747387,2025-01-17,0.27589404528566835,
2025-01-17,600983,2.366026267080781,2025-01-20,0.3093174609801131,家用电器
2025-01-17,002096,2.204385328518584,2025-01-20,0.28970529074948365,环保
2025-01-20,600567,2.20070218500537,2025-01-21,0.2711157953887611,
2025-01-20,603208,2.025813318738141,2025-01-21,0.2668653798729996,
2025-01-21,300902,2.7974514906932404,2025-01-22,0.2585631139983144,机械设备
2025-01-21,601336,2.391135081483348,2025-01-22,0.3400233438319582,非银金融
2025-01-21,002583,2.2637156539995864,2025-01-22,0.37708330013089214,通信
2025-01-21,301206,2.192869073308976,2025-01-22,0.2728559493908683,有色金属
2025-01-21,300062,2.0669793690484783,2025-01-22,0.25294384212589954,电力设备
2025-01-21,600326,2.059118396105858,2025-01-22,0.27801810956617456,建筑材料
2025-01-21,002084,2.0396731511601285,2025-01-22,0.29291717837647113,
2025-01-22,300562,2.5222817093099072,2025-01-23,0.2627179280124862,医药生物
2025-01-22,601798,2.0444013309997127,2025-01-23,0.30396717389910877,机械设备
2025-01-23,601238,2.00981215534792,2025-01-24,0.31016413296227163,汽车
2025-01-24,300902,3.725217902945649,2025-01-27,0.2795950196884636,交通运输
2025-01-24,688584,2.520454065720092,2025-01-27,0.2926081546091978,非银金融
2025-01-24,600129,2.446283968753748,2025-01-27,0.27016414668098454,医药生物
2025-01-27,002848,2.2800403861083707,2025-02-05,0.3744951580021689,家用电器
2025-01-27,603978,2.035686145070826,2025-02-05,0.2585136393180335,有色金属
2025-02-05,001330,2.9202270515636863,2025-02-06,0.27082036804620585,传媒
2025-02-06,300577,2.3057154276410583,2025-02-07,0.2544997597925246,
2025-02-07,002693,2.365083070663962,2025-02-10,0.3127588358345625,医药生物
2025-02-11,603713,2.3916323564423605,2025-02-12,0.2970737846494516,交通运输
2025-02-11,000697,2.070753686634065,2025-02-12,0.25791701804913314,国防军工
2025-02-12,002052,2.5385686229597777,2025-02-13,0.3872188093338439,家用电器
2025-02-13,688443,2.560858893189782,2025-02-14,0.3016616709382796,银行
2025-02-14,688362,2.8123773670942613,2025-02-17,0.3224626538467468,电子
2025-02-14,688102,2.148096671110733,2025-02-17,0.3198988024215012,公用事业
2025-02-17,688198,2.203923493760072,2025-02-18,0.2587642949926724,医药生物
2025-02-17,002785,2.0880404015420253,2025-02-18,0.28227887917678346,建筑材料
2025-02-19,600694,2.4388237150208303,2025-02-20,0.2569391441101505,
2025-02-19,301446,2.155028453301409,2025-02-20,0.2714884002076031,机械设备
2025-02-19,300599,2.15105923682982,2025-02-20,0.272505305366539,建筑材料
2025-02-19,300471,2.089048015417766,2025-02-20,0.27623147393225533,机械设备
2025-02-20,301329,2.0412777805375866,2025-02-21,0.3078365365660057,汽车
2025-02-21,605499,2.877430131410569,2025-02-24,0.2677274181018409,食品饮料
2025-02-21,600585,2.370143672029432,2025-02-24,0.268263616394507,建筑材料
2025-02-21,601865,2.1325014695109763,2025-02-24,0.25610977266889995,电力设备
2025-02-21,600881,2.0170906735852334,2025-02-24,0.26482982311190734,医药生物
2025-02-25,301522,2.016105013535113,2025-02-26,0.3162615215867596,交通运输
2025-02-26,002484,2.525501287334034,2025-02-27,0.27121109455465325,电子
2025-02-27,002484,2.698244579459069,2025-02-28,0.2923268900479557,电子
2025-02-27,600765,2.266386253020976,2025-02-28,0.26462732665705363,国防军工
2025-02-28,300949,3.119295256387126,2025-03-03,0.29922225060914903,非银金融
2025-02-28,688720,2.424065527578801,2025-03-03,0.27989861801806093,机械设备
2025-03-03,000533,2.0189519464013723,2025-03-04,0.2524993688497216,电力设备
2025-03-04,000651,2.1046799619235896,2025-03-05,0.32607982218992654,家用电器
2025-03-05,301568,2.147137821371203,2025-03-06,0.29041138946219885,交通运输
2025-03-06,603214,2.299308171688108,2025-03-07,0.2801603160089519,
2025-03-07,688056,2.187854201925058,2025-03-10,0.2544383562090756,机械设备
2025-03-07,002888,2.0859653296814584,2025-03-10,0.2772586289350894,电子
2025-03-11,001376,2.3898373953320493,2025-03-12,0.3128794016041947,公用事业
2025-03-11,688227,2.145971159603113,2025-03-12,0.28316318284888164,计算机
2025-03-12,603031,2.0985106782278096,2025-03-13,0.3168408418284376,公用事业
2025-03-14,688225,2.5759192848062,2025-03-17,0.27299432169974097,非银金融
2025-03-14,300439,2.120801648887322,2025-03-17,0.25273298197772776,医药生物
2025-03-18,002486,3.167331000104441,2025-03-19,0.3067085468845466,计算机
2025-03-18,002920,2.2238919467855744,2025-03-19,0.25491129300449267,汽车
2025-03-20,300388,2.198251066556133,2025-03-21,0.258826432085586,环保
2025-03-21,300814,2.5228949965541787,2025-03-24,0.30228158160029395,银行
2025-03-21,301512,2.426942319313326,2025-03-24,0.2575823494883752,环保
2025-03-21,002357,2.218426077859593,2025-03-24,0.34355897677451047,交通运输
2025-03-21,300279,2.0277916307526587,2025-03-24,0.269747519119012,电子
2025-03-24,301486,2.6272997329227907,2025-03-25,0.381129701163747,汽车
2025-03-25,300343,3.53444319432546,2025-03-26,0.27719273599772515,环保
2025-03-25,603007,3.264059371827287,2025-03-26,0.3356038106578427,公用事业
2025-03-25,300590,2.53332752266812,2025-03-26,0.3835812113317831,通信
2025-03-25,300660,2.4989434991991386,2025-03-26,0.2755808686815617,电力设备
2025-03-25,300608,2.3781144746526044,2025-03-26,0.30625435991816263,计算机
2025-03-25,300264,2.148086496244842,2025-03-26,0.317197284715397,计算机
2025-03-25,002139,2.0823251302582344,2025-03-26,0.3186443232050263,电子
2025-03-25,300170,2.0376424854033246,2025-03-26,0.3109695908384099,计算机
2025-03-26,300503,2.3851925832682888,2025-03-27,0.25429515072286824,机械设备
2025-03-26,603528,2.340085532915625,2025-03-27,0.28652907825468876,计算机
2025-03-26,000532,2.1511552932807665,2025-03-27,0.27653633109696396,非银金融
2025-03-27,300488,2.2619226059462045,2025-03-28,0.2891613935096843,机械设备
2025-03-27,300296,2.142424621713092,2025-03-28,0.3087081252404249,电子
2025-03-28,600699,2.689419219925272,2025-03-31,0.39779157309139795,汽车
2025-03-28,000818,2.297372412790881,2025-03-31,0.27267224487237346,基础化工
2025-03-28,603317,2.2669529691206254,2025-03-31,0.34268270198411044,食品饮料
2025-03-28,301456,2.241752750866321,2025-03-31,0.3196481287437514,汽车
2025-03-28,300980,2.0773234054446896,2025-03-31,0.26951444559906074,基础化工
2025-03-28,002580,2.041668085659284,2025-03-31,0.2981063316153187,公用事业
2025-04-02,688378,2.584948533527208,2025-04-03,0.2570397060365384,机械设备
2025-04-02,002387,2.0980259501300647,2025-04-03,0.2657138347395859,电子
2025-04-02,603912,2.028732594840532,2025-04-03,0.26488169287497315,机械设备
2025-04-03,601231,2.477226579442144,2025-04-07,0.2579759279875949,电子
2025-04-03,688188,2.3638821662714125,2025-04-07,0.31252266894444886,计算机
2025-04-03,600552,2.178739278992797,2025-04-07,0.2955442834363672,电子
2025-04-07,300459,2.736830455052888,2025-04-08,0.3755499616902589,家用电器
2025-04-07,300465,2.4450157880076224,2025-04-08,0.3692703009214806,计算机
2025-04-07,301121,2.309837437180028,2025-04-08,0.34861770732808306,电子
2025-04-07,301536,2.271869501730265,2025-04-08,0.3901211046561935,计算机
2025-04-07,300885,2.250028139458249,2025-04-08,0.3195965016460998,机械设备
2025-04-07,301308,2.197067043260804,2025-04-08,0.4120224358451442,家用电器
2025-04-07,300560,2.179455945871597,2025-04-08,0.45155431487363906,通信
2025-04-07,300002,2.1523162957601327,2025-04-08,0.28242287152710427,传媒
2025-04-07,300515,2.1034296994437383,2025-04-08,0.35623925713650706,机械设备
2025-04-07,300128,2.0410540146463303,2025-04-08,0.3603664510545675,电子
2025-04-08,002273,2.6959966755139777,2025-04-09,0.3160956778111281,非银金融
2025-04-08,688244,2.661552147003552,2025-04-09,0.38827106168403763,计算机
2025-04-08,002134,2.588869010084583,2025-04-09,0.35671085093287597,电子
2025-04-08,002600,2.543181231059448,2025-04-09,0.3433235552946262,电子
2025-04-08,603211,2.358428007629992,2025-04-09,0.36559490095749136,银行
2025-04-08,002527,2.302148061674412,2025-04-09,0.36100484811197475,机械设备
2025-04-08,300583,2.282961470129255,2025-04-09,0.3077318355794971,医药生物
2025-04-08,600309,2.1012815346414224,2025-04-09,0.32425920289073024,基础化工
2025-04-08,001288,2.09401636985684,2025-04-09,0.3873011704185997,交通运输
2025-04-08,605118,2.043134986152002,2025-04-09,0.35918270832232285,计算机
2025-04-08,300707,2.0031387169480417,2025-04-09,0.3661339620502536,汽车
