SIGNAL_DATE,TICKER_SYMBOL,stock_score,entry_date
2023-01-03,001308,3.441983790371768,2023-01-04
2023-01-03,688289,2.002743151088822,2023-01-04
2023-01-04,002475,3.496822475480332,2023-01-05
2023-01-04,300747,2.9851456577500146,2023-01-05
2023-01-04,688800,2.250365401550744,2023-01-05
2023-01-04,689009,2.1323422933658063,2023-01-05
2023-01-05,688068,3.01400507636134,2023-01-06
2023-01-05,603501,2.049911182882668,2023-01-06
2023-01-05,300316,2.0017699903163977,2023-01-06
2023-01-06,300813,3.743160645992728,2023-01-09
2023-01-06,688536,2.848830342702379,2023-01-09
2023-01-06,600661,2.260520377410125,2023-01-09
2023-01-09,002446,2.742510000825044,2023-01-10
2023-01-09,600153,2.148850431558716,2023-01-10
2023-01-09,003000,2.002740541132096,2023-01-10
2023-01-10,002066,3.187486607581284,2023-01-11
2023-01-10,600233,3.00473579692202,2023-01-11
2023-01-10,688167,2.03793902584716,2023-01-11
2023-01-11,688023,3.040006262620869,2023-01-12
2023-01-11,002258,2.989023482825324,2023-01-12
2023-01-11,601868,2.704356336246344,2023-01-12
2023-01-11,603755,2.093646670490417,2023-01-12
2023-01-12,300699,3.366932598951518,2023-01-13
2023-01-12,688188,3.063443402127395,2023-01-13
2023-01-12,002723,2.5182404373226053,2023-01-13
2023-01-12,601766,2.4460179217188864,2023-01-13
2023-01-12,688136,2.311630083903283,2023-01-13
2023-01-12,000969,2.283511593550515,2023-01-13
2023-01-13,600710,3.0012117478514897,2023-01-16
2023-01-13,300199,2.5375659450636423,2023-01-16
2023-01-13,300730,2.426220020293944,2023-01-16
2023-01-16,688180,2.169869899420468,2023-01-17
2023-01-17,002728,3.906776235160818,2023-01-18
2023-01-17,300140,2.886302893350221,2023-01-18
2023-01-17,301089,2.554324368334008,2023-01-18
2023-01-17,601156,2.2720736295843658,2023-01-18
2023-01-17,601127,2.258599219745574,2023-01-18
2023-01-17,688123,2.089188462892435,2023-01-18
2023-01-18,000069,2.0440924743540707,2023-01-19
2023-01-18,003040,2.027114993719923,2023-01-19
2023-01-19,002317,3.0505819437402497,2023-01-20
2023-01-19,601838,2.5668744616771333,2023-01-20
2023-01-19,603777,2.444662266595873,2023-01-20
2023-01-19,601998,2.33175724567546,2023-01-20
2023-01-20,300438,3.884908064013448,2023-01-30
2023-01-20,601068,2.7845086260007887,2023-01-30
2023-01-20,601326,2.24798738999345,2023-01-30
2023-01-20,002432,2.115311804785865,2023-01-30
2023-01-30,601888,2.6879845898600863,2023-01-31
2023-01-30,600661,2.220682486550702,2023-01-31
2023-01-30,000860,2.1702000274905555,2023-01-31
2023-01-30,600345,2.1351430153123507,2023-01-31
2023-01-30,300839,2.100170978972776,2023-01-31
2023-01-30,601899,2.022623714387503,2023-01-31
2023-01-31,603345,3.833887777973236,2023-02-01
2023-01-31,002052,3.006395794074932,2023-02-01
2023-01-31,000888,2.7909100161623828,2023-02-01
2023-01-31,603708,2.366797190868766,2023-02-01
2023-02-01,301035,3.708253025747247,2023-02-02
2023-02-01,601166,3.068273301941532,2023-02-02
2023-02-01,300751,2.5225495420753337,2023-02-02
2023-02-01,688050,2.412918604187036,2023-02-02
2023-02-01,002864,2.051226179948376,2023-02-02
2023-02-02,600919,2.767185378486853,2023-02-03
2023-02-02,000995,2.0903724925009755,2023-02-03
2023-02-02,603777,2.039578620543532,2023-02-03
2023-02-02,002568,2.038799318204466,2023-02-03
2023-02-03,002179,2.622513622256143,2023-02-06
2023-02-03,300632,2.2463408066712813,2023-02-06
2023-02-03,300890,2.210931808990428,2023-02-06
2023-02-03,601111,2.188269665010538,2023-02-06
2023-02-07,000157,2.1559502970792,2023-02-08
2023-02-08,002785,3.947406378515226,2023-02-09
2023-02-08,603939,2.210976402552243,2023-02-09
2023-02-08,603267,2.194996664597266,2023-02-09
2023-02-09,605266,2.449558268406065,2023-02-10
2023-02-09,601106,2.1411182610049453,2023-02-10
2023-02-09,601636,2.0348396648112543,2023-02-10
2023-02-13,001216,2.444536520646805,2023-02-14
2023-02-13,000002,2.422309684379048,2023-02-14
2023-02-14,300759,2.219940074255601,2023-02-15
2023-02-14,300869,2.1191294220696104,2023-02-15
2023-02-15,688266,2.092762098429404,2023-02-16
2023-02-16,600926,3.084511876459026,2023-02-17
2023-02-16,002996,2.906357257876868,2023-02-17
2023-02-16,000807,2.011285083481437,2023-02-17
2023-02-16,002150,2.008763581239026,2023-02-17
2023-02-17,688711,2.689036383303369,2023-02-20
2023-02-17,002959,2.101415212503165,2023-02-20
2023-02-17,688598,2.018507319974129,2023-02-20
2023-02-17,002279,2.0079732249422584,2023-02-20
2023-02-20,002382,2.523936989102616,2023-02-21
2023-02-20,300782,2.1075019904210888,2023-02-21
2023-02-20,300750,2.070250425965997,2023-02-21
2023-02-21,002782,2.70536046432073,2023-02-22
2023-02-21,301121,2.58252219568532,2023-02-22
2023-02-21,300759,2.542399615487013,2023-02-22
2023-02-21,688351,2.0235393915326623,2023-02-22
2023-02-23,603948,2.660191880015901,2023-02-24
2023-02-23,300014,2.5317074902440897,2023-02-24
2023-02-23,300589,2.2513289861254826,2023-02-24
2023-02-23,601619,2.1336968803980607,2023-02-24
2023-02-24,688293,2.6830961603636867,2023-02-27
2023-02-24,002518,2.29021585474866,2023-02-27
2023-02-24,300751,2.244970832750779,2023-02-27
2023-02-24,300438,2.1770884419371326,2023-02-27
2023-02-24,688051,2.137722183584086,2023-02-27
2023-02-24,688267,2.074331914082447,2023-02-27
2023-02-24,600900,2.0000031202067947,2023-02-27
2023-02-27,688082,3.0693678839417724,2023-02-28
2023-02-28,300585,3.561478625441426,2023-03-01
2023-02-28,300057,2.7787910053713354,2023-03-01
2023-02-28,688012,2.445769353674987,2023-03-01
2023-02-28,688516,2.255128336082885,2023-03-01
2023-02-28,688696,2.156514553481891,2023-03-01
2023-02-28,002116,2.154640930839132,2023-03-01
2023-02-28,600763,2.128044058436434,2023-03-01
2023-03-01,605589,2.1036522242036835,2023-03-02
2023-03-02,003031,2.090189371551471,2023-03-03
2023-03-02,688170,2.03973528656644,2023-03-03
2023-03-02,300979,2.0118291808029585,2023-03-03
2023-03-03,688208,2.115295495359668,2023-03-06
2023-03-03,002885,2.0383201959818926,2023-03-06
2023-03-06,002162,3.577222965124151,2023-03-07
2023-03-07,600873,2.402482991828379,2023-03-08
2023-03-07,002747,2.088939603862668,2023-03-08
2023-03-07,688378,2.064278947916603,2023-03-08
2023-03-08,601068,2.092593414087386,2023-03-09
2023-03-09,000001,3.905391170302505,2023-03-10
2023-03-09,300896,2.50047404957054,2023-03-10
2023-03-10,603606,2.613299003617767,2023-03-13
2023-03-10,603616,2.023627266737164,2023-03-13
2023-03-13,000922,2.309412523617778,2023-03-14
2023-03-13,603179,2.153068928614404,2023-03-14
2023-03-14,300093,2.029718088604895,2023-03-15
2023-03-15,301046,2.190961597331704,2023-03-16
2023-03-16,002979,3.27498182916529,2023-03-17
2023-03-16,600182,2.2736873860976945,2023-03-17
2023-03-16,600583,2.052164150743126,2023-03-17
2023-03-17,300953,2.62437116436346,2023-03-20
2023-03-17,605333,2.4775806540356835,2023-03-20
2023-03-21,603025,3.800600848181369,2023-03-22
2023-03-21,000661,2.522221405395985,2023-03-22
2023-03-21,002317,2.114160403210392,2023-03-22
2023-03-22,002868,2.246373093637695,2023-03-23
2023-03-22,300751,2.1499748009209982,2023-03-23
2023-03-23,603025,2.4630069407140662,2023-03-24
2023-03-24,601808,2.1124986418229663,2023-03-27
2023-03-27,603713,2.901729258258137,2023-03-28
2023-03-27,301089,2.1054059305384474,2023-03-28
2023-03-28,600874,3.3331271110706844,2023-03-29
2023-03-28,600528,2.7019932396523494,2023-03-29
2023-03-28,600456,2.674429520473159,2023-03-29
2023-03-29,605183,2.2523615863779898,2023-03-30
2023-03-29,600874,2.0992398168518767,2023-03-30
2023-03-30,601038,2.6688766106882915,2023-03-31
2023-03-30,688190,2.5020864300708032,2023-03-31
2023-03-31,688187,3.298413102355724,2023-04-03
2023-03-31,300142,2.0461559588643654,2023-04-03
2023-04-03,600685,2.156471603630868,2023-04-04
2023-04-04,300092,3.7430650490721264,2023-04-06
2023-04-04,300146,2.0618057511751613,2023-04-06
2023-04-07,002426,2.0069807866832536,2023-04-10
2023-04-10,300592,2.2193362947050512,2023-04-11
2023-04-10,603787,2.1125648769174528,2023-04-11
2023-04-10,300443,2.036552494094555,2023-04-11
2023-04-11,300700,3.5785670582431326,2023-04-12
2023-04-11,603110,3.155084755781704,2023-04-12
2023-04-12,300633,2.6973151088626466,2023-04-13
2023-04-12,600519,2.295075900506422,2023-04-13
2023-04-13,300796,4.474352015405378,2023-04-14
2023-04-14,003009,2.087331775450086,2023-04-17
2023-04-17,600521,2.2451251951751465,2023-04-18
2023-04-18,600389,2.570087268012662,2023-04-19
2023-04-18,000902,2.0603892920031712,2023-04-19
2023-04-19,605399,3.21732876279226,2023-04-20
2023-04-19,603896,2.5620987129044983,2023-04-20
2023-04-19,688510,2.1099061476720373,2023-04-20
2023-04-19,002009,2.012602195920663,2023-04-20
2023-04-20,300986,2.7867074917007355,2023-04-21
2023-04-20,601012,2.3025844275074085,2023-04-21
2023-04-20,600267,2.1112118103485265,2023-04-21
2023-04-21,300773,2.6568491306372253,2023-04-24
2023-04-21,300976,2.435294570451276,2023-04-24
2023-04-21,603392,2.130523242106574,2023-04-24
2023-04-21,300337,2.128986461745614,2023-04-24
2023-04-21,002384,2.1222181400742794,2023-04-24
2023-04-24,002652,2.5938849442961325,2023-04-25
2023-04-24,603738,2.3698212885644065,2023-04-25
2023-04-25,688185,2.127916048980001,2023-04-26
2023-04-25,300249,2.0634625811839813,2023-04-26
2023-04-25,300358,2.019874651969157,2023-04-26
2023-04-26,301312,2.7753541832998168,2023-04-27
2023-04-26,605358,2.203864875892852,2023-04-27
2023-04-27,000676,2.1499586918923184,2023-04-28
2023-04-28,002459,2.880579726939763,2023-05-04
2023-04-28,603236,2.686587704909065,2023-05-04
2023-05-04,002033,3.1076540906190933,2023-05-05
2023-05-04,300673,2.219490055421704,2023-05-05
2023-05-05,000651,2.397783636118596,2023-05-08
2023-05-05,601615,2.224546277987991,2023-05-08
2023-05-08,688210,3.247630037988592,2023-05-09
2023-05-09,603236,2.5911549985606404,2023-05-10
2023-05-09,002126,2.178463299345364,2023-05-10
2023-05-09,603185,2.007327493184293,2023-05-10
2023-05-10,688621,2.27406075009022,2023-05-11
2023-05-10,688321,2.128674087246761,2023-05-11
2023-05-10,300306,2.0553485831764293,2023-05-11
2023-05-11,002166,2.9973230039719647,2023-05-12
2023-05-12,300459,2.8442308280310726,2023-05-15
2023-05-12,600004,2.713408495709696,2023-05-15
2023-05-12,002430,2.1319854881289806,2023-05-15
2023-05-15,688093,2.228319833668335,2023-05-16
2023-05-16,600258,2.506030077481732,2023-05-17
2023-05-16,300502,2.4215294202756104,2023-05-17
2023-05-16,600233,2.2668186374713173,2023-05-17
2023-05-17,301018,2.6861274545040126,2023-05-18
2023-05-17,300133,2.129136076635679,2023-05-18
2023-05-18,688157,2.282632903162991,2023-05-19
2023-05-18,603098,2.1362358697096795,2023-05-19
2023-05-22,000981,2.23564385749938,2023-05-23
2023-05-23,000656,2.936736848595962,2023-05-24
2023-05-23,000818,2.327185219164501,2023-05-24
2023-05-24,000401,2.60483764838129,2023-05-25
2023-05-25,688360,2.176946442771423,2023-05-26
2023-05-26,300681,2.931375941733582,2023-05-29
2023-05-29,600256,2.9648859863244725,2023-05-30
2023-05-31,603806,2.998855680866817,2023-06-01
2023-05-31,300769,2.7601862461806586,2023-06-01
2023-05-31,301120,2.584257730940945,2023-06-01
2023-05-31,002738,2.502956447614607,2023-06-01
2023-06-01,603806,4.6986062439509855,2023-06-02
2023-06-01,688388,3.47770778589762,2023-06-02
2023-06-01,301302,2.27096430995115,2023-06-02
2023-06-02,603233,2.508265076806239,2023-06-05
2023-06-02,600612,2.431578624186648,2023-06-05
2023-06-02,605399,2.322843085338492,2023-06-05
2023-06-05,600026,2.333646611056407,2023-06-06
2023-06-06,688506,2.7403133615358897,2023-06-07
2023-06-06,002847,2.2728498460779245,2023-06-07
2023-06-07,300558,3.353245136079206,2023-06-08
2023-06-08,301219,3.659019923451095,2023-06-09
2023-06-09,301071,4.211640503939628,2023-06-12
2023-06-09,688606,3.937021263408638,2023-06-12
2023-06-09,002415,3.230604494191631,2023-06-12
2023-06-12,688368,2.3481853681674325,2023-06-13
2023-06-12,002415,2.094794905966471,2023-06-13
2023-06-13,603970,3.2108874348843406,2023-06-14
2023-06-13,601699,2.698525624973855,2023-06-14
2023-06-14,300848,3.575405735879853,2023-06-15
2023-06-15,688315,2.4349567401686283,2023-06-16
2023-06-19,000069,3.3026081953922186,2023-06-20
2023-06-19,601601,3.1934520455117807,2023-06-20
2023-06-19,300759,2.295007926669678,2023-06-20
2023-06-21,688300,2.7651574775459817,2023-06-26
2023-06-21,300841,2.164446292542144,2023-06-26
2023-06-26,601949,2.5311045837007464,2023-06-27
2023-06-26,000829,2.2779205129910745,2023-06-27
2023-06-26,300443,2.182618145552827,2023-06-27
2023-06-26,300518,2.1744320509152977,2023-06-27
2023-06-28,688400,3.322330815653289,2023-06-29
2023-06-28,300628,2.5266147484734818,2023-06-29
2023-06-28,301318,2.1972812290153385,2023-06-29
2023-06-29,002352,3.0806763535671795,2023-06-30
2023-06-29,300298,2.14094315574386,2023-06-30
2023-06-30,688047,3.587109694334236,2023-07-03
2023-06-30,600760,3.186844828964236,2023-07-03
2023-06-30,600702,2.2243388590324726,2023-07-03
2023-07-03,300678,3.33599670832396,2023-07-04
2023-07-03,600422,2.913442328187847,2023-07-04
2023-07-03,300253,2.759182473959205,2023-07-04
2023-07-03,002253,2.659919302628313,2023-07-04
2023-07-03,688192,2.4474359816478515,2023-07-04
2023-07-03,688075,2.373639058235214,2023-07-04
2023-07-03,600157,2.1515700806011098,2023-07-04
2023-07-04,002174,2.7304400384205896,2023-07-05
2023-07-04,300253,2.4264356463536703,2023-07-05
2023-07-04,601900,2.1152208280178617,2023-07-05
2023-07-04,603236,2.0503891639427008,2023-07-05
2023-07-05,002967,4.348306692447006,2023-07-06
2023-07-05,301333,4.290040006660579,2023-07-06
2023-07-05,600572,3.8870403740936816,2023-07-06
2023-07-05,601900,2.263805440693603,2023-07-06
2023-07-05,300253,2.025563022987128,2023-07-06
2023-07-06,600572,3.5850880060115538,2023-07-07
2023-07-06,002414,2.7221734323003592,2023-07-07
2023-07-06,600901,2.2882004938177376,2023-07-07
2023-07-06,603970,2.279138925974949,2023-07-07
2023-07-06,600690,2.279116328245798,2023-07-07
2023-07-06,300075,2.2153108528350534,2023-07-07
2023-07-06,000028,2.1751063463314053,2023-07-07
2023-07-06,600177,2.17461272446903,2023-07-07
2023-07-06,603037,2.170088551922825,2023-07-07
2023-07-06,688017,2.076924826744854,2023-07-07
2023-07-07,002829,3.52579216963155,2023-07-10
2023-07-07,002791,3.118839876461409,2023-07-10
2023-07-07,603737,2.6858216088122395,2023-07-10
2023-07-07,688017,2.04914284378576,2023-07-10
2023-07-07,000028,2.046905117438838,2023-07-10
2023-07-07,002247,2.0365066025421235,2023-07-10
2023-07-07,603444,2.0241813448531807,2023-07-10
2023-07-10,300188,2.573659440547538,2023-07-11
2023-07-10,603983,2.4973123431601287,2023-07-11
2023-07-10,600285,2.0730045173936733,2023-07-11
2023-07-11,600570,3.131082717446896,2023-07-12
2023-07-11,301333,2.7892329946204857,2023-07-12
2023-07-11,688566,2.3938042382136047,2023-07-12
2023-07-11,688117,2.208986483606105,2023-07-12
2023-07-11,300580,2.142030564241775,2023-07-12
2023-07-11,002534,2.1300741684733766,2023-07-12
2023-07-11,300486,2.1299306114703462,2023-07-12
2023-07-12,688135,3.2268707470872564,2023-07-13
2023-07-12,000977,3.096392156624795,2023-07-13
2023-07-12,688499,2.7767792178617343,2023-07-13
2023-07-12,603170,2.7411682406089843,2023-07-13
2023-07-12,301195,2.2355689535375385,2023-07-13
2023-07-13,603599,3.804797588602333,2023-07-14
2023-07-13,600603,2.2319294317998777,2023-07-14
2023-07-13,603229,2.0931536029913307,2023-07-14
2023-07-14,600897,4.518823865987016,2023-07-17
2023-07-14,300655,4.440338697630687,2023-07-17
2023-07-14,001979,3.4136024273441654,2023-07-17
2023-07-14,003031,2.3147852951043784,2023-07-17
2023-07-14,300559,2.0656606881787685,2023-07-17
2023-07-14,603711,2.0030590677737004,2023-07-17
2023-07-17,603801,2.6104498922576247,2023-07-18
2023-07-17,002159,2.407393580406501,2023-07-18
2023-07-17,600366,2.006282019002139,2023-07-18
2023-07-18,688416,2.9747992942006696,2023-07-19
2023-07-18,300002,2.8494667174676342,2023-07-19
2023-07-18,300487,2.742474817689141,2023-07-19
2023-07-18,002819,2.133130138677727,2023-07-19
2023-07-19,300533,3.2254547479296924,2023-07-20
2023-07-19,002824,3.18726495024276,2023-07-20
2023-07-19,002865,2.712451582481143,2023-07-20
2023-07-19,002917,2.2810248861978617,2023-07-20
2023-07-19,603185,2.2289510810485167,2023-07-20
2023-07-20,688256,2.825557317818713,2023-07-21
2023-07-20,002466,2.5730881921581514,2023-07-21
2023-07-20,300494,2.283750549064876,2023-07-21
2023-07-20,688052,2.275449557696505,2023-07-21
2023-07-20,688525,2.112290929388968,2023-07-21
2023-07-20,300447,2.0638043373259176,2023-07-21
2023-07-21,300987,2.791457757166601,2023-07-24
2023-07-21,300364,2.498656151838393,2023-07-24
2023-07-21,002099,2.119950000758552,2023-07-24
2023-07-21,300748,2.070458157291399,2023-07-24
2023-07-24,688256,3.2284240883736226,2023-07-25
2023-07-24,300573,2.3032390288675773,2023-07-25
2023-07-24,300657,2.246935299759684,2023-07-25
2023-07-25,688700,2.316533483831996,2023-07-26
2023-07-25,688401,2.280424880323074,2023-07-26
2023-07-25,603728,2.200352353300793,2023-07-26
2023-07-26,600089,2.395229398645016,2023-07-27
2023-07-26,688369,2.240746828511788,2023-07-27
2023-07-27,002261,3.367917841335995,2023-07-28
2023-07-27,688789,2.814994184229932,2023-07-28
2023-07-27,300722,2.700291460102895,2023-07-28
2023-07-27,002773,2.4253347080341148,2023-07-28
2023-07-27,300378,2.3532558547723688,2023-07-28
2023-07-27,300882,2.293450747224845,2023-07-28
2023-07-27,603282,2.0250767559406246,2023-07-28
2023-07-28,300508,3.295422435478504,2023-07-31
2023-07-28,603108,2.3094205806326253,2023-07-31
2023-07-28,000936,2.278490298155404,2023-07-31
2023-07-31,688566,3.4099193350401427,2023-08-01
2023-07-31,002602,3.4070556915952466,2023-08-01
2023-07-31,300972,2.949471543415052,2023-08-01
2023-08-01,600276,3.0504411350558507,2023-08-02
2023-08-01,688338,3.030313311150372,2023-08-02
2023-08-01,300759,2.982736447215957,2023-08-02
2023-08-01,688598,2.806123714234734,2023-08-02
2023-08-01,603105,2.379817718214455,2023-08-02
2023-08-01,300950,2.375017484842066,2023-08-02
2023-08-02,603998,2.8176816287029856,2023-08-03
2023-08-02,688207,2.8173437194653115,2023-08-03
2023-08-02,603358,2.6978700315566164,2023-08-03
2023-08-02,300841,2.3480402000122647,2023-08-03
2023-08-02,002849,2.2781723457340544,2023-08-03
2023-08-02,600566,2.2459429384221314,2023-08-03
2023-08-02,002020,2.1959811112417373,2023-08-03
2023-08-02,003029,2.160838827415436,2023-08-03
2023-08-02,301048,2.0054205576626254,2023-08-03
2023-08-03,603209,3.1542906211167696,2023-08-04
2023-08-03,002847,3.1541127409953083,2023-08-04
2023-08-03,600919,2.3956591413206167,2023-08-04
2023-08-03,002262,2.269637436874416,2023-08-04
2023-08-03,301099,2.2594141696576475,2023-08-04
2023-08-04,688032,2.4298531076028933,2023-08-07
2023-08-04,002254,2.302677788606021,2023-08-07
2023-08-04,600749,2.3015556520894203,2023-08-07
2023-08-04,300761,2.1668789014782144,2023-08-07
2023-08-07,688626,3.3073506575049603,2023-08-08
2023-08-07,300595,2.994144117579247,2023-08-08
2023-08-07,300653,2.530742566104235,2023-08-08
2023-08-07,688513,2.358900174209857,2023-08-08
2023-08-08,000063,2.8426613055780967,2023-08-09
2023-08-08,300444,2.4997959317707577,2023-08-09
2023-08-08,000513,2.2600482824590875,2023-08-09
2023-08-08,688510,2.212060766139058,2023-08-09
2023-08-08,603606,2.1648883462932567,2023-08-09
2023-08-08,688029,2.0800511577916936,2023-08-09
2023-08-09,688063,3.502509939646808,2023-08-10
2023-08-09,600131,2.359717926288532,2023-08-10
2023-08-09,300722,2.055966411150284,2023-08-10
2023-08-09,301063,2.00762513296268,2023-08-10
2023-08-10,002655,3.4218724140683774,2023-08-11
2023-08-10,301398,2.8580985625562643,2023-08-11
2023-08-10,002991,2.7949383058716246,2023-08-11
2023-08-10,688063,2.5386245160342407,2023-08-11
2023-08-10,300653,2.421241120413819,2023-08-11
2023-08-10,002119,2.41090697273651,2023-08-11
2023-08-10,603163,2.171753740187902,2023-08-11
2023-08-11,300982,2.4802585982071776,2023-08-14
2023-08-11,688550,2.122879341486231,2023-08-14
2023-08-11,688377,2.085448376640621,2023-08-14
2023-08-11,002384,2.024367119847297,2023-08-14
2023-08-14,688368,2.2212873626903766,2023-08-15
2023-08-14,002176,2.15593839655476,2023-08-15
2023-08-14,300595,2.0269363431295884,2023-08-15
2023-08-15,300999,3.1167998280402327,2023-08-16
2023-08-15,688668,2.2534571046497884,2023-08-16
2023-08-15,002668,2.208797898593348,2023-08-16
2023-08-15,688401,2.203404129246468,2023-08-16
2023-08-15,600329,2.031493060997424,2023-08-16
2023-08-16,002976,2.6749060149963,2023-08-17
2023-08-16,605255,2.476551217289568,2023-08-17
2023-08-16,688234,2.446338113316056,2023-08-17
2023-08-16,603339,2.3676737348473025,2023-08-17
2023-08-16,600312,2.300900915454829,2023-08-17
2023-08-16,600545,2.2930166194360107,2023-08-17
2023-08-16,603501,2.078698001207007,2023-08-17
2023-08-16,688766,2.011610871013476,2023-08-17
2023-08-17,300369,2.89174347929138,2023-08-18
2023-08-17,603501,2.8126034494307173,2023-08-18
2023-08-17,688668,2.203971979858988,2023-08-18
2023-08-17,003029,2.145967866964889,2023-08-18
2023-08-18,002829,3.3068526708535195,2023-08-21
2023-08-18,600710,2.705994440215329,2023-08-21
2023-08-18,002384,2.168423730297313,2023-08-21
2023-08-18,688355,2.1390095598222683,2023-08-21
2023-08-18,688161,2.0709624696567075,2023-08-21
2023-08-18,002487,2.048579051147123,2023-08-21
2023-08-18,600191,2.037033013962793,2023-08-21
2023-08-21,000963,2.577096242825729,2023-08-22
2023-08-21,603110,2.341789097366501,2023-08-22
2023-08-21,002892,2.294220306556946,2023-08-22
2023-08-21,301166,2.112202656688328,2023-08-22
2023-08-22,601012,2.4929037257574262,2023-08-23
2023-08-22,300373,2.44053472206145,2023-08-23
2023-08-22,603529,2.079288630699576,2023-08-23
2023-08-23,300206,2.987208546821134,2023-08-24
2023-08-23,002782,2.793780446691984,2023-08-24
2023-08-23,603121,2.5962991567675657,2023-08-24
2023-08-23,600233,2.5804641776244384,2023-08-24
2023-08-23,688267,2.529132772939408,2023-08-24
2023-08-23,688271,2.295107453401019,2023-08-24
2023-08-23,600697,2.0870982980198454,2023-08-24
2023-08-24,600511,2.95429174251526,2023-08-25
2023-08-24,603279,2.626491356814805,2023-08-25
2023-08-24,300014,2.609512662561101,2023-08-25
2023-08-24,000032,2.1137046111223894,2023-08-25
2023-08-24,000928,2.076927518250761,2023-08-25
2023-08-25,688202,2.849884544383237,2023-08-28
2023-08-25,002927,2.632406500803993,2023-08-28
2023-08-25,600197,2.3904254594234944,2023-08-28
2023-08-25,003030,2.3524034569960843,2023-08-28
2023-08-25,002655,2.090030310702472,2023-08-28
2023-08-28,300308,2.741673735578873,2023-08-29
2023-08-28,688180,2.57893573587237,2023-08-29
2023-08-28,603101,2.4693688883305795,2023-08-29
2023-08-29,605598,5.012172647232717,2023-08-30
2023-08-29,603392,2.473929252845583,2023-08-30
2023-08-29,002756,2.306728361952888,2023-08-30
2023-08-29,603995,2.258777329178385,2023-08-30
2023-08-30,600478,3.137562656538908,2023-08-31
2023-08-30,688261,2.8349121647733173,2023-08-31
2023-08-30,002299,2.7919825606316926,2023-08-31
2023-08-30,601838,2.7380415347442613,2023-08-31
2023-08-30,600422,2.612970231516797,2023-08-31
2023-08-30,688308,2.5811822959724573,2023-08-31
2023-08-30,301205,2.2544460474913164,2023-08-31
2023-08-30,600066,2.2383111617084657,2023-08-31
2023-08-30,002180,2.191662194015036,2023-08-31
2023-08-30,688533,2.062080712785494,2023-08-31
2023-08-30,688046,2.036383648705345,2023-08-31
2023-08-31,603596,2.4787211609057813,2023-09-01
2023-08-31,300423,2.1652567075268263,2023-09-01
2023-08-31,300918,2.141355203253725,2023-09-01
2023-08-31,300772,2.0689802705779874,2023-09-01
2023-08-31,600004,2.012548282588196,2023-09-01
2023-08-31,600027,2.00789592417726,2023-09-01
2023-09-01,603486,2.787108660294674,2023-09-04
2023-09-01,601808,2.0802972608495067,2023-09-04
2023-09-04,600875,3.1841914756689795,2023-09-05
2023-09-04,002371,3.078525085418742,2023-09-05
2023-09-04,601878,2.0970692881426904,2023-09-05
2023-09-05,603901,2.86810248735541,2023-09-06
2023-09-05,688388,2.2586295438931745,2023-09-06
2023-09-05,603799,2.1200658825410144,2023-09-06
2023-09-05,688390,2.027727626631356,2023-09-06
2023-09-06,300751,2.969461379656181,2023-09-07
2023-09-06,300317,2.4436327364555,2023-09-07
2023-09-06,605183,2.114363633435008,2023-09-07
2023-09-07,002475,2.8808856801390457,2023-09-08
2023-09-07,688256,2.435007868147509,2023-09-08
2023-09-07,601012,2.156549567066504,2023-09-08
2023-09-07,300751,2.097042937286876,2023-09-08
2023-09-08,688099,3.144885171299081,2023-09-11
2023-09-08,601900,3.116823295469097,2023-09-11
2023-09-08,300769,3.103313898457021,2023-09-11
2023-09-08,300031,2.3314188362269146,2023-09-11
2023-09-11,002918,2.224193513620293,2023-09-12
2023-09-11,688099,2.212722427997317,2023-09-12
2023-09-11,603226,2.0925838468955846,2023-09-12
2023-09-12,601669,2.595779157964785,2023-09-13
2023-09-12,301349,2.2610903565245533,2023-09-13
2023-09-12,300380,2.2520448375835325,2023-09-13
2023-09-12,688598,2.0671233895389136,2023-09-13
2023-09-12,000401,2.036578425098305,2023-09-13
2023-09-13,300274,3.8294601107380495,2023-09-14
2023-09-13,688032,2.7012410611788136,2023-09-14
2023-09-13,002139,2.5123475175711985,2023-09-14
2023-09-13,600388,2.3548700592683,2023-09-14
2023-09-13,002487,2.350503813629776,2023-09-14
2023-09-13,601318,2.2366922186279306,2023-09-14
2023-09-13,000712,2.097185446739323,2023-09-14
2023-09-14,300751,4.74036826212568,2023-09-15
2023-09-14,600763,2.981540213915302,2023-09-15
2023-09-14,603901,2.5624154224804743,2023-09-15
2023-09-14,300014,2.070064668620693,2023-09-15
2023-09-15,300605,2.6269453190699608,2023-09-18
2023-09-15,688348,2.187065003589305,2023-09-18
2023-09-15,300946,2.164429403571946,2023-09-18
2023-09-18,605056,2.325684387645455,2023-09-19
2023-09-18,301325,2.304599390700196,2023-09-19
2023-09-19,001301,2.8040507565914248,2023-09-20
2023-09-19,603881,2.272902228151529,2023-09-20
2023-09-19,002838,2.065121781720113,2023-09-20
2023-09-20,300503,5.236908291238507,2023-09-21
2023-09-20,002777,4.523498614770276,2023-09-21
2023-09-20,300634,2.329465930471305,2023-09-21
2023-09-20,300438,2.1465579532083687,2023-09-21
2023-09-21,002036,2.200652823302379,2023-09-22
2023-09-21,002145,2.09569024852652,2023-09-22
2023-09-22,600710,2.7208896276393526,2023-09-25
2023-09-22,688267,2.02919662754154,2023-09-25
2023-09-25,600610,3.0898384035059867,2023-09-26
2023-09-26,603013,2.04995804583357,2023-09-27
2023-09-27,300036,2.3480605076556684,2023-09-28
2023-09-27,603630,2.296492141027505,2023-09-28
2023-09-27,600674,2.2014644868528825,2023-09-28
2023-09-27,603678,2.0256863538865177,2023-09-28
2023-09-27,601133,2.0066824359195943,2023-09-28
2023-09-27,600748,2.0005928238721005,2023-09-28
2023-10-09,601888,3.457340436292884,2023-10-10
2023-10-09,600303,2.921289865827534,2023-10-10
2023-10-09,603209,2.330484223373217,2023-10-10
2023-10-09,000888,2.194692141941938,2023-10-10
2023-10-10,601686,2.514791799365634,2023-10-11
2023-10-10,600610,2.1677507077328606,2023-10-11
2023-10-11,000733,2.889046741873128,2023-10-12
2023-10-12,600526,2.3609503170873385,2023-10-13
2023-10-12,002597,2.182086441458892,2023-10-13
2023-10-12,600063,2.092122167973487,2023-10-13
2023-10-13,300226,3.558510304577875,2023-10-16
2023-10-13,688143,2.2517087470932826,2023-10-16
2023-10-13,001205,2.196469937032668,2023-10-16
2023-10-13,001338,2.1347348773059007,2023-10-16
2023-10-13,600862,2.117257662446037,2023-10-16
2023-10-13,300118,2.046227488561461,2023-10-16
2023-10-13,301353,2.004633869474986,2023-10-16
2023-10-16,688239,3.325049103730708,2023-10-17
2023-10-16,603737,2.717102193364325,2023-10-17
2023-10-16,001338,2.027996797531549,2023-10-17
2023-10-17,000048,3.35061602253428,2023-10-18
2023-10-17,600958,2.757185010413313,2023-10-18
2023-10-17,600436,2.6949316177780926,2023-10-18
2023-10-17,603185,2.2128105175965693,2023-10-18
2023-10-17,600052,2.1595718980700123,2023-10-18
2023-10-17,603288,2.044409422115017,2023-10-18
2023-10-18,000977,2.642004124331267,2023-10-19
2023-10-18,600105,2.2901122175151825,2023-10-19
2023-10-18,603345,2.288712687099108,2023-10-19
2023-10-18,603191,2.121325354973447,2023-10-19
2023-10-19,600063,2.7386777559288444,2023-10-20
2023-10-19,300982,2.681867038316645,2023-10-20
2023-10-19,600519,2.6652572969325123,2023-10-20
2023-10-19,600416,2.4669279647467706,2023-10-20
2023-10-19,002520,2.291122694673612,2023-10-20
2023-10-19,301089,2.0960685661593805,2023-10-20
2023-10-20,301215,2.940314262429447,2023-10-23
2023-10-20,300774,2.756106893970191,2023-10-23
2023-10-20,301050,2.491140599502768,2023-10-23
2023-10-20,600406,2.088907311526522,2023-10-23
2023-10-23,300548,3.8344550056681954,2023-10-24
2023-10-23,002723,3.272647565841134,2023-10-24
2023-10-23,601138,3.1360218921391354,2023-10-24
2023-10-24,600761,3.976497114921617,2023-10-25
2023-10-24,600703,3.018528594453949,2023-10-25
2023-10-24,000063,2.807279479521408,2023-10-25
2023-10-24,601138,2.472288550177,2023-10-25
2023-10-24,603083,2.2999517437234607,2023-10-25
2023-10-24,605080,2.234495879815774,2023-10-25
2023-10-25,603444,3.182997044548926,2023-10-26
2023-10-25,600620,2.8177211930769697,2023-10-26
2023-10-25,300642,2.7687820989713985,2023-10-26
2023-10-25,002790,2.148943328941529,2023-10-26
2023-10-25,600012,2.063789312614244,2023-10-26
2023-10-26,603998,2.6585215669501223,2023-10-27
2023-10-26,688580,2.3217718925939224,2023-10-27
2023-10-26,603699,2.2365620281221577,2023-10-27
2023-10-26,000936,2.163195547938608,2023-10-27
2023-10-26,300137,2.0856021091483,2023-10-27
2023-10-27,603383,2.9123760204852367,2023-10-30
2023-10-27,600315,2.3555051243406675,2023-10-30
2023-10-27,000099,2.255532061143019,2023-10-30
2023-10-30,603556,2.93817499467937,2023-10-31
2023-10-30,002472,2.7016214142081947,2023-10-31
2023-10-30,301057,2.3383518849334672,2023-10-31
2023-10-30,603076,2.256686848140336,2023-10-31
2023-10-30,002104,2.105901786852094,2023-10-31
2023-10-30,601838,2.0866805019053456,2023-10-31
2023-10-30,300308,2.0398507181734225,2023-10-31
2023-10-31,002459,3.5296771337561874,2023-11-01
2023-10-31,000157,2.946162992107161,2023-11-01
2023-10-31,600167,2.6534356171906417,2023-11-01
2023-10-31,601857,2.484459120793905,2023-11-01
2023-10-31,603599,2.400760887190833,2023-11-01
2023-10-31,688072,2.174337278218985,2023-11-01
2023-10-31,002483,2.061531284565461,2023-11-01
2023-11-01,600690,3.0589428782853405,2023-11-02
2023-11-01,601186,2.890170992854931,2023-11-02
2023-11-01,002867,2.665512297658691,2023-11-02
2023-11-01,300502,2.170285339750026,2023-11-02
2023-11-01,600880,2.076194129955645,2023-11-02
2023-11-01,000157,2.049926504023716,2023-11-02
2023-11-02,601615,2.433587045927048,2023-11-03
2023-11-02,601717,2.364577442604124,2023-11-03
2023-11-02,688569,2.1923178951132325,2023-11-03
2023-11-03,300795,2.739123378210804,2023-11-06
2023-11-03,002841,2.503107427298457,2023-11-06
2023-11-03,002673,2.15804514024278,2023-11-06
2023-11-03,002867,2.1173884292178924,2023-11-06
2023-11-03,688063,2.0470507398079465,2023-11-06
2023-11-03,605599,2.0024940123295805,2023-11-06
2023-11-03,605088,2.0003460005322875,2023-11-06
2023-11-06,002021,3.239857244009471,2023-11-07
2023-11-06,600885,3.038960748665586,2023-11-07
2023-11-07,002534,2.12955938867326,2023-11-08
2023-11-07,600115,2.0626439117445603,2023-11-08
2023-11-08,002941,2.065536023278501,2023-11-09
2023-11-08,601058,2.020507661826885,2023-11-09
2023-11-09,601318,3.024093472973141,2023-11-10
2023-11-09,002976,2.365747766809973,2023-11-10
2023-11-10,300199,3.794256335467341,2023-11-13
2023-11-10,300645,2.741483268685609,2023-11-13
2023-11-10,600143,2.2370257697497284,2023-11-13
2023-11-13,000333,2.356406895156632,2023-11-14
2023-11-13,688005,2.1388113430685456,2023-11-14
2023-11-13,601319,2.096479193114972,2023-11-14
2023-11-16,688019,2.257805738432481,2023-11-17
2023-11-16,601012,2.2351740095961743,2023-11-17
2023-11-17,601678,2.2674626386856067,2023-11-20
2023-11-17,002092,2.2255110681771373,2023-11-20
2023-11-17,603833,2.1795364462293163,2023-11-20
2023-11-17,601919,2.1757423676166643,2023-11-20
2023-11-17,002627,2.0540034474361364,2023-11-20
2023-11-20,300750,2.9937268100724204,2023-11-21
2023-11-20,002120,2.666176787022529,2023-11-21
2023-11-20,688319,2.595519701793928,2023-11-21
2023-11-20,601012,2.4999060664637627,2023-11-21
2023-11-20,002271,2.000046171960141,2023-11-21
2023-11-21,301115,2.422457857676098,2023-11-22
2023-11-21,600585,2.301687756019465,2023-11-22
2023-11-22,603098,3.1478197678516056,2023-11-23
2023-11-22,001289,3.077592439792125,2023-11-23
2023-11-22,600733,3.072179742784921,2023-11-23
2023-11-22,601919,2.5732607160151084,2023-11-23
2023-11-22,300577,2.150434400123384,2023-11-23
2023-11-22,600528,2.0309699648989894,2023-11-23
2023-11-23,688007,2.47843583866962,2023-11-24
2023-11-23,000801,2.43803448948226,2023-11-24
2023-11-23,600100,2.1466267987982954,2023-11-24
2023-11-24,301302,3.9955183138622568,2023-11-27
2023-11-24,002459,2.9079648773907643,2023-11-27
2023-11-24,688401,2.542410038741357,2023-11-27
2023-11-24,000928,2.423996467877714,2023-11-27
2023-11-24,002256,2.2710372021535905,2023-11-27
2023-11-24,002812,2.026510998422567,2023-11-27
2023-11-27,603719,2.194005630545804,2023-11-28
2023-11-28,603613,3.08559568523129,2023-11-29
2023-11-28,603229,2.5345507061955104,2023-11-29
2023-11-29,002244,2.808837038174777,2023-11-30
2023-11-29,601888,2.691096872411008,2023-11-30
2023-11-29,601658,2.3628267031325603,2023-11-30
2023-11-29,002594,2.30053917298362,2023-11-30
2023-11-29,688303,2.156943140814954,2023-11-30
2023-11-30,301218,2.9855605969628973,2023-12-01
2023-12-01,000729,2.346026524472688,2023-12-04
2023-12-01,605399,2.286390442047759,2023-12-04
2023-12-01,002572,2.028745389314966,2023-12-04
2023-12-04,688073,2.5152769252953666,2023-12-05
2023-12-04,600481,2.3439283617481803,2023-12-05
2023-12-04,603806,2.156717691980268,2023-12-05
2023-12-05,601615,3.6854926879487833,2023-12-06
2023-12-05,000002,3.5418159375576783,2023-12-06
2023-12-05,688131,2.461800916748248,2023-12-06
2023-12-06,603985,4.45865739153219,2023-12-07
2023-12-06,002594,2.9274600799307207,2023-12-07
2023-12-06,002723,2.8710106195369764,2023-12-07
2023-12-06,000921,2.854383684538088,2023-12-07
2023-12-06,300250,2.721758053467837,2023-12-07
2023-12-06,002472,2.4736490356313734,2023-12-07
2023-12-06,688612,2.393173703748205,2023-12-07
2023-12-06,300274,2.2400723886023792,2023-12-07
2023-12-06,603198,2.218612296996607,2023-12-07
2023-12-06,601601,2.060871556056367,2023-12-07
2023-12-06,300083,2.015748241332771,2023-12-07
2023-12-07,301267,3.33757984611734,2023-12-08
2023-12-07,603993,2.2839290384665585,2023-12-08
2023-12-07,603801,2.16870277232874,2023-12-08
2023-12-08,300254,2.981843931687816,2023-12-11
2023-12-08,603985,2.698883260749194,2023-12-11
2023-12-08,300635,2.483436928892774,2023-12-11
2023-12-08,600520,2.327205171443212,2023-12-11
2023-12-08,601116,2.2651721923348784,2023-12-11
2023-12-08,002233,2.101316729420984,2023-12-11
2023-12-11,688503,3.316651231766341,2023-12-12
2023-12-11,300322,3.2011855653206966,2023-12-12
2023-12-11,000568,3.085046843686282,2023-12-12
2023-12-11,300989,2.505698521561459,2023-12-12
2023-12-11,300816,2.3622304502490623,2023-12-12
2023-12-12,300138,2.885654796195808,2023-12-13
2023-12-12,603260,2.825472622793868,2023-12-13
2023-12-12,688516,2.058353048462432,2023-12-13
2023-12-14,000858,3.727223683999968,2023-12-15
2023-12-14,002568,2.9338756446198766,2023-12-15
2023-12-14,688598,2.6624615465128887,2023-12-15
2023-12-14,300380,2.641981674341732,2023-12-15
2023-12-14,688187,2.285016563464524,2023-12-15
2023-12-15,000568,3.1924332054200217,2023-12-18
2023-12-15,300551,3.180641901853148,2023-12-18
2023-12-15,000858,2.7947666818452683,2023-12-18
2023-12-15,300769,2.770851879643101,2023-12-18
2023-12-15,600867,2.391380239192807,2023-12-18
2023-12-15,600690,2.3090900822078586,2023-12-18
2023-12-15,601615,2.217421801003516,2023-12-18
2023-12-18,603688,2.750071187875486,2023-12-19
2023-12-18,300047,2.720204042277424,2023-12-19
2023-12-18,300166,2.686745207231324,2023-12-19
2023-12-18,002453,2.1223415407016883,2023-12-19
2023-12-18,002215,2.1127121947844323,2023-12-19
2023-12-18,002309,2.0656998448635124,2023-12-19
2023-12-19,300750,3.5199568831649177,2023-12-20
2023-12-19,600702,3.0497471400027463,2023-12-20
2023-12-19,002865,2.8845271223316544,2023-12-20
2023-12-19,688261,2.669923016140939,2023-12-20
2023-12-19,002805,2.4802684066079173,2023-12-20
2023-12-19,002456,2.3734436790752635,2023-12-20
2023-12-19,688073,2.145780992821323,2023-12-20
2023-12-19,301333,2.052947833803235,2023-12-20
2023-12-19,300184,2.050767459304464,2023-12-20
2023-12-20,001270,2.889842107213633,2023-12-21
2023-12-20,300122,2.501136188419008,2023-12-21
2023-12-20,688311,2.363190134948598,2023-12-21
2023-12-20,300451,2.2261907834517083,2023-12-21
2023-12-20,603931,2.160045223711754,2023-12-21
2023-12-20,301305,2.0169856877366503,2023-12-21
2023-12-20,000651,2.002259824209118,2023-12-21
2023-12-21,002232,2.627862465933999,2023-12-22
2023-12-21,301215,2.382777866241397,2023-12-22
2023-12-22,600415,3.1057318222996564,2023-12-25
2023-12-22,000607,2.677348177741312,2023-12-25
2023-12-22,600418,2.4657488085022763,2023-12-25
2023-12-22,000651,2.4462390109187284,2023-12-25
2023-12-22,000628,2.095780127726269,2023-12-25
2023-12-25,002555,3.875831199796637,2023-12-26
2023-12-25,600358,3.0431835123980133,2023-12-26
2023-12-25,603444,2.6022980872443777,2023-12-26
2023-12-25,002521,2.5787568700100243,2023-12-26
2023-12-25,000892,2.4457508460438664,2023-12-26
2023-12-25,002558,2.35879379335929,2023-12-26
2023-12-25,000921,2.067712869429082,2023-12-26
2023-12-26,002558,3.6779072592608815,2023-12-27
2023-12-26,600373,2.6621446828842554,2023-12-27
2023-12-26,002858,2.446805173709656,2023-12-27
2023-12-26,301520,2.328699038198,2023-12-27
2023-12-26,601881,2.2989960295984635,2023-12-27
2023-12-26,002555,2.198296381113784,2023-12-27
2023-12-26,002517,2.0737279654849896,2023-12-27
2023-12-27,603613,5.483913064259494,2023-12-28
2023-12-27,300558,2.5053479993227787,2023-12-28
2023-12-27,300043,2.2179359512589727,2023-12-28
2023-12-28,300551,6.319720428656733,2023-12-29
2023-12-28,603613,6.293291884671282,2023-12-29
2023-12-28,002919,3.472220384421701,2023-12-29
2023-12-28,002555,3.014233358335101,2023-12-29
2023-12-28,000628,2.866057841544836,2023-12-29
2023-12-28,603363,2.50022598758638,2023-12-29
2023-12-28,300553,2.4441741243981587,2023-12-29
2023-12-28,301039,2.3084206685337048,2023-12-29
2023-12-28,600633,2.1360038628285585,2023-12-29
2023-12-29,601900,2.847991416166959,2024-01-02
2023-12-29,000042,2.4378254176396115,2024-01-02
2023-12-29,603515,2.4330048878134303,2024-01-02
2023-12-29,600383,2.2892330958312272,2024-01-02
2023-12-29,000729,2.2804020604352595,2024-01-02
2023-12-29,600138,2.1702702442651303,2024-01-02
2023-12-29,600331,2.0538858534173,2024-01-02
2024-01-02,300143,3.185470497379634,2024-01-03
2024-01-02,600157,2.5115472709423576,2024-01-03
2024-01-02,002252,2.140447899077336,2024-01-03
2024-01-03,603178,3.512812337890052,2024-01-04
2024-01-03,603569,3.414526217783833,2024-01-04
2024-01-03,603306,2.718917558872465,2024-01-04
2024-01-03,688153,2.679341050602696,2024-01-04
2024-01-03,603283,2.0209907270280496,2024-01-04
2024-01-04,300063,3.28134615076884,2024-01-05
2024-01-04,688234,2.770782994731994,2024-01-05
2024-01-04,601689,2.704828658137888,2024-01-05
2024-01-04,688111,2.372026905273544,2024-01-05
2024-01-04,600418,2.117531000434272,2024-01-05
2024-01-04,301239,2.033962064646922,2024-01-05
2024-01-04,002032,2.030612545020136,2024-01-05
2024-01-04,688255,2.0289144376570056,2024-01-05
2024-01-05,603536,3.434817356458965,2024-01-08
2024-01-05,603606,2.942343613350043,2024-01-08
2024-01-05,601628,2.2997676516849315,2024-01-08
2024-01-05,000625,2.0599254877963387,2024-01-08
2024-01-05,688403,2.056667621708536,2024-01-08
2024-01-08,300308,3.132498091113926,2024-01-09
2024-01-08,603728,3.052503275932408,2024-01-09
2024-01-08,603267,2.601957896434397,2024-01-09
2024-01-09,601127,3.309216709342441,2024-01-10
2024-01-09,002044,2.7398314223548814,2024-01-10
2024-01-09,688385,2.478602999129111,2024-01-10
2024-01-09,603160,2.398329286387453,2024-01-10
2024-01-09,002229,2.3580532480833165,2024-01-10
2024-01-09,300846,2.287267403317806,2024-01-10
2024-01-09,301205,2.2137135467953835,2024-01-10
2024-01-10,688318,3.1619999516537343,2024-01-11
2024-01-10,603758,2.852976684590511,2024-01-11
2024-01-10,002483,2.5169369789966938,2024-01-11
2024-01-10,603439,2.224657227900832,2024-01-11
2024-01-10,603918,2.170135299102709,2024-01-11
2024-01-10,600674,2.1524862819461426,2024-01-11
2024-01-10,300264,2.0848584620297994,2024-01-11
2024-01-11,603665,3.4581367837508896,2024-01-12
2024-01-11,600771,2.7269853016405268,2024-01-12
2024-01-11,000661,2.4332822320492724,2024-01-12
2024-01-11,000032,2.341966530170916,2024-01-12
2024-01-11,688110,2.1870156013649487,2024-01-12
2024-01-11,000036,2.1476033909321326,2024-01-12
2024-01-12,603306,2.9732556407153696,2024-01-15
2024-01-12,600892,2.8883071935872504,2024-01-15
2024-01-12,688166,2.835369596271037,2024-01-15
2024-01-12,688261,2.709243669788297,2024-01-15
2024-01-12,002771,2.585476216752139,2024-01-15
2024-01-12,600272,2.490204554549809,2024-01-15
2024-01-12,600959,2.456315359515141,2024-01-15
2024-01-12,688279,2.420317158794799,2024-01-15
2024-01-12,600993,2.296685496552579,2024-01-15
2024-01-12,000567,2.162394815874473,2024-01-15
2024-01-12,688766,2.110921108256972,2024-01-15
2024-01-12,002908,2.039311829871575,2024-01-15
2024-01-12,603444,2.029121977906551,2024-01-15
2024-01-15,000661,3.375816658890507,2024-01-16
2024-01-15,603087,2.807694388904534,2024-01-16
2024-01-16,300033,3.4800767263203234,2024-01-17
2024-01-16,600812,2.561807864850012,2024-01-17
2024-01-16,688023,2.393355481727155,2024-01-17
2024-01-16,002238,2.3500145594536863,2024-01-17
2024-01-16,688111,2.233724998833025,2024-01-17
2024-01-16,688305,2.2231729574783152,2024-01-17
2024-01-16,600779,2.104403282493711,2024-01-17
2024-01-17,002517,3.20529566325001,2024-01-18
2024-01-17,601689,2.8991400724225187,2024-01-18
2024-01-17,600699,2.875837599374015,2024-01-18
2024-01-17,600178,2.367279619527367,2024-01-18
2024-01-17,300602,2.1887403155179004,2024-01-18
2024-01-18,688281,3.011593538920018,2024-01-19
2024-01-18,300012,2.400962894104872,2024-01-19
2024-01-18,002893,2.2615505112727146,2024-01-19
2024-01-18,002476,2.253088255013439,2024-01-19
2024-01-18,605388,2.0500961712199146,2024-01-19
2024-01-18,300456,2.0035022790199752,2024-01-19
2024-01-19,603065,2.879799718738612,2024-01-22
2024-01-19,600479,2.5719655539997115,2024-01-22
2024-01-19,600126,2.368624310529357,2024-01-22
2024-01-19,600487,2.170863147629788,2024-01-22
2024-01-19,600535,2.0600044018211743,2024-01-22
2024-01-22,688331,2.6102830747303503,2024-01-23
2024-01-23,688331,2.283979684084742,2024-01-24
2024-01-23,688565,2.2725072193050537,2024-01-24
2024-01-23,603158,2.182850322485569,2024-01-24
2024-01-24,688772,3.436943420165525,2024-01-25
2024-01-24,300841,2.528068404307889,2024-01-25
2024-01-24,603238,2.516402819150408,2024-01-25
2024-01-24,688626,2.404141767397963,2024-01-25
2024-01-24,002171,2.3405698208728354,2024-01-25
2024-01-24,001337,2.1582755477204287,2024-01-25
2024-01-24,003030,2.153294496352527,2024-01-25
2024-01-24,300219,2.059146012653514,2024-01-25
2024-01-24,688073,2.0274443804794733,2024-01-25
2024-01-25,603306,2.635501178749511,2024-01-26
2024-01-25,603031,2.603718329689505,2024-01-26
2024-01-25,603112,2.3985334397596163,2024-01-26
2024-01-25,003021,2.286318737465892,2024-01-26
2024-01-25,688025,2.2448922792218764,2024-01-26
2024-01-25,003019,2.088860118576931,2024-01-26
2024-01-25,002965,2.021654461692279,2024-01-26
2024-01-26,301325,4.14029664556468,2024-01-29
2024-01-26,603259,3.926013237804104,2024-01-29
2024-01-26,600481,2.9745606854143536,2024-01-29
2024-01-26,002050,2.3314512070057964,2024-01-29
2024-01-29,603890,2.65907781515512,2024-01-30
2024-01-29,603728,2.6434335842169143,2024-01-30
2024-01-29,688032,2.6298466132832203,2024-01-30
2024-01-29,000668,2.336340169608337,2024-01-30
2024-01-29,688114,2.334982314939962,2024-01-30
2024-01-29,688081,2.3307138482660257,2024-01-30
2024-01-29,300340,2.2587447609773084,2024-01-30
2024-01-30,603259,3.0965858433406703,2024-01-31
2024-01-30,301055,2.636739123899016,2024-01-31
2024-01-30,301391,2.56595845526129,2024-01-31
2024-01-30,300018,2.4091831964624983,2024-01-31
2024-01-30,300982,2.3405428796934578,2024-01-31
2024-01-30,688114,2.330008091071368,2024-01-31
2024-01-30,600988,2.241001419473008,2024-01-31
2024-01-30,688680,2.007593712027811,2024-01-31
2024-01-31,603106,3.0689312984175183,2024-02-01
2024-01-31,002735,2.757055923097087,2024-02-01
2024-01-31,603489,2.605355820556208,2024-02-01
2024-01-31,603236,2.3739349832528784,2024-02-01
2024-01-31,002846,2.1563060823899782,2024-02-01
2024-01-31,002439,2.152715033211776,2024-02-01
2024-01-31,001217,2.140971194818793,2024-02-01
2024-01-31,002019,2.045884396972744,2024-02-01
2024-01-31,002983,2.020187461019835,2024-02-01
2024-02-01,300567,3.1535964798780283,2024-02-02
2024-02-01,688182,2.886192482815261,2024-02-02
2024-02-01,688368,2.826029367481583,2024-02-02
2024-02-01,002881,2.7050043900705227,2024-02-02
2024-02-01,301113,2.104701623258763,2024-02-02
2024-02-01,003040,2.0446473228838493,2024-02-02
2024-02-02,300641,2.6430628951527053,2024-02-05
2024-02-02,603259,2.595346935678922,2024-02-05
2024-02-02,688651,2.503045162899696,2024-02-05
2024-02-02,300432,2.4968683767028703,2024-02-05
2024-02-02,603269,2.4775719780954457,2024-02-05
2024-02-02,688350,2.432623492854864,2024-02-05
2024-02-02,300586,2.4323449627138625,2024-02-05
2024-02-02,002213,2.4025907694570767,2024-02-05
2024-02-02,603392,2.353770016723202,2024-02-05
2024-02-02,002544,2.242956809640334,2024-02-05
2024-02-02,688661,2.2321017013641526,2024-02-05
2024-02-02,603506,2.197190877195881,2024-02-05
2024-02-02,300642,2.1846451757107936,2024-02-05
2024-02-02,300712,2.184372710691788,2024-02-05
2024-02-02,002828,2.138059846050252,2024-02-05
2024-02-02,300405,2.127447304904379,2024-02-05
2024-02-02,002490,2.1122628996854447,2024-02-05
2024-02-02,300881,2.103088325751698,2024-02-05
2024-02-02,688581,2.098942414593746,2024-02-05
2024-02-02,002537,2.0642049765136403,2024-02-05
2024-02-02,600051,2.0275029468079286,2024-02-05
2024-02-02,002342,2.0089471267721644,2024-02-05
2024-02-05,300486,2.704635205492369,2024-02-06
2024-02-05,688176,2.590251368359128,2024-02-06
2024-02-05,301099,2.278749012139404,2024-02-06
2024-02-05,300499,2.247894064880084,2024-02-06
2024-02-05,002177,2.206055679204462,2024-02-06
2024-02-05,300126,2.1294469410043897,2024-02-06
2024-02-05,301192,2.1288335359562502,2024-02-06
2024-02-05,301387,2.1014652717939675,2024-02-06
2024-02-05,300512,2.090393469990596,2024-02-06
2024-02-05,301212,2.019264245498994,2024-02-06
2024-02-06,688328,2.896123334878359,2024-02-07
2024-02-06,001313,2.851984190010806,2024-02-07
2024-02-06,605055,2.668856664366949,2024-02-07
2024-02-06,688579,2.660160471286645,2024-02-07
2024-02-06,002830,2.656459409373081,2024-02-07
2024-02-06,300843,2.5975036655159363,2024-02-07
2024-02-06,002579,2.3129066633090014,2024-02-07
2024-02-06,301515,2.307679742135902,2024-02-07
2024-02-06,000510,2.296353232202644,2024-02-07
2024-02-06,688478,2.280358074990517,2024-02-07
2024-02-06,300447,2.2681320477239204,2024-02-07
2024-02-06,600819,2.236833597326975,2024-02-07
2024-02-06,603259,2.2354938760270247,2024-02-07
2024-02-06,300302,2.19333198871564,2024-02-07
2024-02-06,300566,2.1749440028637195,2024-02-07
2024-02-06,688392,2.14364718820004,2024-02-07
2024-02-06,300895,2.1358206969188167,2024-02-07
2024-02-06,603533,2.0769161769064093,2024-02-07
2024-02-06,688310,2.0667102788837006,2024-02-07
2024-02-06,301120,2.0383587809636383,2024-02-07
2024-02-07,300335,3.1923079564585963,2024-02-08
2024-02-07,003001,2.9786140385160103,2024-02-08
2024-02-07,300062,2.830121643117645,2024-02-08
2024-02-07,300448,2.60742321981245,2024-02-08
2024-02-07,603626,2.5923612136843985,2024-02-08
2024-02-07,300169,2.5478809221269465,2024-02-08
2024-02-07,688078,2.4819764665410697,2024-02-08
2024-02-07,002253,2.4000769910019,2024-02-08
2024-02-07,300386,2.388526219423921,2024-02-08
2024-02-07,300275,2.280665592991541,2024-02-08
2024-02-07,600712,2.238422629643555,2024-02-08
2024-02-07,301119,2.2088120512179,2024-02-08
2024-02-07,603226,2.2063451305873585,2024-02-08
2024-02-07,300582,2.205937340153432,2024-02-08
2024-02-07,603353,2.1731316355837875,2024-02-08
2024-02-07,688319,2.168959157056139,2024-02-08
2024-02-07,603270,2.1355818981043875,2024-02-08
2024-02-07,002743,2.1191104876286566,2024-02-08
2024-02-07,688049,2.0438863003185417,2024-02-08
2024-02-07,688157,2.037077382161666,2024-02-08
2024-02-07,605033,2.03253170299587,2024-02-08
2024-02-07,300787,2.0145011495583818,2024-02-08
2024-02-08,688528,3.416375470383896,2024-02-19
2024-02-08,002787,3.191036466296077,2024-02-19
2024-02-08,603933,3.1120023928661222,2024-02-19
2024-02-08,300588,3.0608378483949785,2024-02-19
2024-02-08,603725,2.994495411790046,2024-02-19
2024-02-08,002862,2.8447301086251,2024-02-19
2024-02-08,603186,2.7894440602718165,2024-02-19
2024-02-08,002295,2.728328829688365,2024-02-19
2024-02-08,000626,2.647461388917276,2024-02-19
2024-02-08,688365,2.541845513541726,2024-02-19
2024-02-08,301396,2.276628032453314,2024-02-19
2024-02-08,000571,2.1241140010898416,2024-02-19
2024-02-08,601996,2.0796031921107447,2024-02-19
2024-02-19,003004,2.927377541216443,2024-02-20
2024-02-19,002753,2.6921077418035897,2024-02-20
2024-02-19,603320,2.6710972662609107,2024-02-20
2024-02-19,605018,2.377635385225774,2024-02-20
2024-02-19,688616,2.3317393796703545,2024-02-20
2024-02-19,000633,2.1825566348486154,2024-02-20
2024-02-19,605069,2.16856108980006,2024-02-20
2024-02-19,002811,2.144065818192006,2024-02-20
2024-02-19,000565,2.0253341813834305,2024-02-20
2024-02-20,002303,2.8689580185588306,2024-02-21
2024-02-20,002377,2.49388218300288,2024-02-21
2024-02-20,605069,2.4444410643824126,2024-02-21
2024-02-20,001336,2.4081258366116605,2024-02-21
2024-02-20,301116,2.297794377203014,2024-02-21
2024-02-21,301345,2.6223646169459123,2024-02-22
2024-02-21,688063,2.487401033255834,2024-02-22
2024-02-21,601615,2.0124267952296786,2024-02-22
2024-02-22,688626,2.6162524465281973,2024-02-23
2024-02-22,300203,2.104829192313073,2024-02-23
2024-02-22,300105,2.064030962233224,2024-02-23
2024-02-22,300700,2.002169554857619,2024-02-23
2024-02-23,002399,2.4801987692876057,2024-02-26
2024-02-23,002739,2.2642640166331884,2024-02-26
2024-02-23,688092,2.04086901262361,2024-02-26
2024-02-23,000600,2.013281192486635,2024-02-26
2024-02-26,688566,3.03241947315312,2024-02-27
2024-02-26,688601,2.472833493149964,2024-02-27
2024-02-26,002594,2.139637605678475,2024-02-27
2024-02-27,688169,2.8736786212322856,2024-02-28
2024-02-27,601865,2.199423975843956,2024-02-28
2024-02-28,603616,2.9187447561770616,2024-02-29
2024-02-28,603980,2.5907428720775894,2024-02-29
2024-02-28,600883,2.1264243000585266,2024-02-29
2024-02-28,300381,2.121690176983293,2024-02-29
2024-02-28,605580,2.0448942411935445,2024-02-29
2024-02-28,002151,2.0057044064059424,2024-02-29
2024-02-29,688386,3.062212286289387,2024-03-01
2024-02-29,002469,2.834534036416886,2024-03-01
2024-02-29,301122,2.697933239713678,2024-03-01
2024-02-29,301067,2.5214775974508057,2024-03-01
2024-02-29,002615,2.2871910715799144,2024-03-01
2024-02-29,002612,2.171177762828799,2024-03-01
2024-02-29,603685,2.054446733384537,2024-03-01
2024-03-01,688136,3.293495412990412,2024-03-04
2024-03-01,688581,2.6516631081401947,2024-03-04
2024-03-01,600858,2.5092730495871685,2024-03-04
2024-03-01,000089,2.228419870040529,2024-03-04
2024-03-01,603222,2.222790985643845,2024-03-04
2024-03-01,688625,2.0673986039421424,2024-03-04
2024-03-04,002133,2.759694575245226,2024-03-05
2024-03-04,300816,2.533623574560634,2024-03-05
2024-03-04,002356,2.2960803368358143,2024-03-05
2024-03-04,600103,2.239262695569451,2024-03-05
2024-03-04,600408,2.181830773338296,2024-03-05
2024-03-04,301009,2.1505315991441365,2024-03-05
2024-03-05,300535,3.749557818530139,2024-03-06
2024-03-05,301273,3.381538538302673,2024-03-06
2024-03-05,688455,2.911471591602949,2024-03-06
2024-03-05,301335,2.8516532876920504,2024-03-06
2024-03-05,603901,2.204281029478864,2024-03-06
2024-03-05,605303,2.11560667100861,2024-03-06
2024-03-05,300404,2.0187680678966515,2024-03-06
2024-03-05,000002,2.01483240425012,2024-03-06
2024-03-06,002066,3.544600163150374,2024-03-07
2024-03-06,002398,2.373073144119812,2024-03-07
2024-03-06,688363,2.1013336720902327,2024-03-07
2024-03-07,688682,2.5776159095724687,2024-03-08
2024-03-07,600720,2.195513063649164,2024-03-08
2024-03-07,605198,2.162476595999302,2024-03-08
2024-03-07,603153,2.0898413773585625,2024-03-08
2024-03-07,002594,2.006134640313688,2024-03-08
2024-03-07,688180,2.0021322468520704,2024-03-08
2024-03-08,002952,2.8072230310473416,2024-03-11
2024-03-08,000739,2.420541671084344,2024-03-11
2024-03-08,002458,2.123014725278083,2024-03-11
2024-03-08,000718,2.04650364838511,2024-03-11
2024-03-08,300662,2.031126054722612,2024-03-11
2024-03-11,688656,2.699507474894265,2024-03-12
2024-03-11,600809,2.6318802241985164,2024-03-12
2024-03-11,600177,2.207517841150436,2024-03-12
2024-03-11,603065,2.094676595098268,2024-03-12
2024-03-12,600675,2.980988289470859,2024-03-13
2024-03-12,301039,2.858027139119111,2024-03-13
2024-03-12,300394,2.789082375549771,2024-03-13
2024-03-12,600050,2.70113159832492,2024-03-13
2024-03-12,000718,2.436394317308772,2024-03-13
2024-03-12,601000,2.0051662661803182,2024-03-13
2024-03-13,600699,2.7970889890000503,2024-03-14
2024-03-13,603665,2.132917451353899,2024-03-14
2024-03-13,001339,2.069521464825153,2024-03-14
2024-03-13,603929,2.021545242533957,2024-03-14
2024-03-14,603259,3.3094308919716235,2024-03-15
2024-03-14,601138,2.0710869387754665,2024-03-15
2024-03-15,603259,2.820260269841772,2024-03-18
2024-03-18,600660,2.4414195653467448,2024-03-19
2024-03-19,600420,2.642387306290772,2024-03-20
2024-03-19,002460,2.44590397694982,2024-03-20
2024-03-19,300122,2.222084487623681,2024-03-20
2024-03-19,688392,2.192188073235662,2024-03-20
2024-03-19,600900,2.045586875151444,2024-03-20
2024-03-19,600845,2.0264454950169712,2024-03-20
2024-03-20,601126,2.641138410283615,2024-03-21
2024-03-20,603259,2.439470060160734,2024-03-21
2024-03-20,601901,2.04958908042657,2024-03-21
2024-03-21,601898,2.4356474983030867,2024-03-22
2024-03-21,002016,2.038137234425407,2024-03-22
2024-03-22,600062,2.766313281119692,2024-03-25
2024-03-22,600036,2.35822396134358,2024-03-25
2024-03-22,002481,2.331786463469443,2024-03-25
2024-03-22,600354,2.146306244169134,2024-03-25
2024-03-22,300037,2.0536704655364573,2024-03-25
2024-03-25,603259,2.669252102354867,2024-03-26
2024-03-25,688558,2.5874720708235506,2024-03-26
2024-03-25,603099,2.522526599984172,2024-03-26
2024-03-25,301067,2.4466248801477373,2024-03-26
2024-03-26,603933,2.844248926558986,2024-03-27
2024-03-26,000799,2.5082521659051453,2024-03-27
2024-03-27,688569,3.5996364126431235,2024-03-28
2024-03-27,002352,3.0441450857551104,2024-03-28
2024-03-27,600720,2.910023402868503,2024-03-28
2024-03-27,000532,2.1445478520785533,2024-03-28
2024-03-27,300982,2.0659962399263967,2024-03-28
2024-03-27,300951,2.017862576198906,2024-03-28
2024-03-28,600871,2.600640543543471,2024-03-29
2024-03-28,002352,2.312277603633226,2024-03-29
2024-03-29,601000,2.692241441701504,2024-04-01
2024-03-29,601658,2.2474534056007194,2024-04-01
2024-03-29,688023,2.238529651432664,2024-04-01
2024-03-29,600161,2.111802423057171,2024-04-01
2024-04-01,688248,2.2079802619743445,2024-04-02
2024-04-02,603728,2.6018721610760283,2024-04-03
2024-04-02,002698,2.165471024648616,2024-04-03
2024-04-03,300853,2.914504533383678,2024-04-08
2024-04-03,300724,2.410400346815783,2024-04-08
2024-04-03,300373,2.2425774147056816,2024-04-08
2024-04-03,300380,2.2059717492102724,2024-04-08
2024-04-03,301172,2.1954128990925943,2024-04-08
2024-04-03,300567,2.0782166825572714,2024-04-08
2024-04-08,300756,2.27698932818256,2024-04-09
2024-04-08,001300,2.0440366876596827,2024-04-09
2024-04-09,002875,3.29842644841363,2024-04-10
2024-04-09,300896,3.0615177360645296,2024-04-10
2024-04-09,000521,2.884497095002934,2024-04-10
2024-04-09,601127,2.4333537687745546,2024-04-10
2024-04-09,688772,2.0198524438956653,2024-04-10
2024-04-10,300226,3.3807525552221125,2024-04-11
2024-04-10,300499,3.169384281315008,2024-04-11
2024-04-10,300968,2.9858800318395726,2024-04-11
2024-04-10,300288,2.869381677775652,2024-04-11
2024-04-10,002656,2.7293892904044403,2024-04-11
2024-04-10,600416,2.7226225947518907,2024-04-11
2024-04-10,688002,2.4652466121425523,2024-04-11
2024-04-10,002976,2.450909848495503,2024-04-11
2024-04-11,688592,2.798624095196608,2024-04-12
2024-04-11,688255,2.468462556866936,2024-04-12
2024-04-11,300207,2.444387002098438,2024-04-12
2024-04-11,601636,2.2009345170023664,2024-04-12
2024-04-11,605020,2.1025874189881693,2024-04-12
2024-04-11,300473,2.013697427967177,2024-04-12
2024-04-12,001215,2.318457321206536,2024-04-15
2024-04-12,300340,2.106232721430979,2024-04-15
2024-04-12,688099,2.006588991485172,2024-04-15
2024-04-15,603286,3.4669767514600567,2024-04-16
2024-04-15,300506,3.1046397208369565,2024-04-16
2024-04-15,002205,2.301102417519185,2024-04-16
2024-04-15,002767,2.2937215849964936,2024-04-16
2024-04-15,300933,2.113258239420351,2024-04-16
2024-04-16,300990,2.6612986706634083,2024-04-17
2024-04-16,600620,2.631923857973745,2024-04-17
2024-04-16,603767,2.576099320183581,2024-04-17
2024-04-16,603700,2.500878445281092,2024-04-17
2024-04-16,688178,2.476310831040114,2024-04-17
2024-04-16,002575,2.2243689961144293,2024-04-17
2024-04-16,301300,2.216092429410832,2024-04-17
2024-04-16,000767,2.199916544119658,2024-04-17
2024-04-16,002905,2.1899434609962363,2024-04-17
2024-04-16,603196,2.029366115972665,2024-04-17
2024-04-17,002253,3.4654974632259155,2024-04-18
2024-04-17,002114,2.7594534774473365,2024-04-18
2024-04-17,600319,2.734764584714047,2024-04-18
2024-04-17,603259,2.6579541565997973,2024-04-18
2024-04-17,300656,2.6481358634795376,2024-04-18
2024-04-17,603797,2.0224171176850665,2024-04-18
2024-04-18,300486,4.095725167640265,2024-04-19
2024-04-18,300169,3.0618897254675,2024-04-19
2024-04-18,300996,2.99359273210276,2024-04-19
2024-04-18,300935,2.719124937925767,2024-04-19
2024-04-18,002377,2.1976341839160702,2024-04-19
2024-04-18,600033,2.133418629083712,2024-04-19
2024-04-18,688327,2.084706103369463,2024-04-19
2024-04-19,002072,3.1438062675821805,2024-04-22
2024-04-19,000692,2.875815350933859,2024-04-22
2024-04-19,000504,2.510605976613858,2024-04-22
2024-04-19,300269,2.3437324223756164,2024-04-22
2024-04-19,600671,2.2895550102450826,2024-04-22
2024-04-22,002403,2.832932969822607,2024-04-23
2024-04-22,300568,2.7643960634701967,2024-04-23
2024-04-22,603031,2.6207440821543444,2024-04-23
2024-04-22,600446,2.5159079698809106,2024-04-23
2024-04-22,301231,2.3921815270273585,2024-04-23
2024-04-22,301315,2.191675940470218,2024-04-23
2024-04-22,300547,2.046225605612084,2024-04-23
2024-04-22,301129,2.030300565648697,2024-04-23
2024-04-23,301387,3.2334258480505107,2024-04-24
2024-04-23,000017,2.964787836440889,2024-04-24
2024-04-23,002984,2.4701775546817544,2024-04-24
2024-04-23,603095,2.0764563927494235,2024-04-24
2024-04-24,301391,3.134625326472691,2024-04-25
2024-04-24,300122,2.6599682469506987,2024-04-25
2024-04-24,688652,2.5104047318997487,2024-04-25
2024-04-24,301089,2.4624048373347858,2024-04-25
2024-04-24,300170,2.345774814426878,2024-04-25
2024-04-25,002241,2.3384318875553936,2024-04-26
2024-04-25,688395,2.188250518819764,2024-04-26
2024-04-25,600816,2.115999571086874,2024-04-26
2024-04-25,002475,2.0008498752177384,2024-04-26
2024-04-26,002703,2.362479986772509,2024-04-29
2024-04-26,001914,2.1977291622440926,2024-04-29
2024-04-29,600258,2.438842598196081,2024-04-30
2024-04-29,002729,2.317532532898793,2024-04-30
2024-04-29,003010,2.037864326956976,2024-04-30
2024-04-30,002633,3.1258708323978457,2024-05-06
2024-04-30,002354,2.497013457059875,2024-05-06
2024-04-30,600398,2.298296642673191,2024-05-06
2024-04-30,000157,2.264900842111526,2024-05-06
2024-04-30,601133,2.126662760380756,2024-05-06
2024-04-30,600479,2.09176205202783,2024-05-06
2024-04-30,600897,2.0195417289020674,2024-05-06
2024-05-06,600438,2.8133905535045693,2024-05-07
2024-05-06,688332,2.379673585870722,2024-05-07
2024-05-06,601186,2.101624196149002,2024-05-07
2024-05-06,000338,2.045148678693854,2024-05-07
2024-05-06,601088,2.0291289273122146,2024-05-07
2024-05-07,002623,2.904810356580314,2024-05-08
2024-05-07,002281,2.6945610549481724,2024-05-08
2024-05-07,600104,2.623191314608591,2024-05-08
2024-05-07,600360,2.2332022078307685,2024-05-08
2024-05-07,300795,2.1061331785620254,2024-05-08
2024-05-07,603290,2.0985278994607928,2024-05-08
2024-05-08,002742,3.4658041763884464,2024-05-09
2024-05-08,688070,2.5086517963039565,2024-05-09
2024-05-08,300440,2.270510529142343,2024-05-09
2024-05-08,301117,2.135091583860261,2024-05-09
2024-05-09,002579,2.688068116249648,2024-05-10
2024-05-09,600733,2.612710705437969,2024-05-10
2024-05-09,301217,2.378878803345996,2024-05-10
2024-05-09,301368,2.282578850467569,2024-05-10
2024-05-09,300043,2.199480702057733,2024-05-10
2024-05-09,300896,2.0596368516619656,2024-05-10
2024-05-10,300163,4.527509010157412,2024-05-13
2024-05-10,600715,3.509802014555427,2024-05-13
2024-05-10,603879,3.082983280094328,2024-05-13
2024-05-13,300410,2.8073502727662696,2024-05-14
2024-05-13,002094,2.527786504816261,2024-05-14
2024-05-13,002354,2.505127438405515,2024-05-14
2024-05-13,002656,2.4513864986325085,2024-05-14
2024-05-13,000506,2.3113837368322967,2024-05-14
2024-05-13,300097,2.2822967403557555,2024-05-14
2024-05-13,688004,2.195933637982981,2024-05-14
2024-05-13,300184,2.126870127770664,2024-05-14
2024-05-13,300513,2.0240943952654136,2024-05-14
2024-05-14,301096,2.670060593943372,2024-05-15
2024-05-14,600446,2.283175360852993,2024-05-15
2024-05-14,300080,2.196255239098869,2024-05-15
2024-05-14,300276,2.1703811196174168,2024-05-15
2024-05-14,300079,2.139414375081054,2024-05-15
2024-05-15,002197,2.84088957524407,2024-05-16
2024-05-15,300393,2.436585029130815,2024-05-16
2024-05-15,300412,2.3538633762388894,2024-05-16
2024-05-15,600227,2.2773298739371866,2024-05-16
2024-05-16,300394,2.982517038345449,2024-05-17
2024-05-16,688536,2.4466805327574463,2024-05-17
2024-05-16,300957,2.368587174373265,2024-05-17
2024-05-17,002812,3.255002937875361,2024-05-20
2024-05-20,002535,3.419532829379082,2024-05-21
2024-05-20,688388,3.3022039508689245,2024-05-21
2024-05-21,603031,3.637988348701484,2024-05-22
2024-05-21,603927,3.103490525442438,2024-05-22
2024-05-21,603159,2.0591477888624112,2024-05-22
2024-05-21,688981,2.030647373401515,2024-05-22
2024-05-22,300983,3.822822095802639,2024-05-23
2024-05-22,688036,2.1042397691952583,2024-05-23
2024-05-22,300036,2.000750333404339,2024-05-23
2024-05-23,000070,4.101297586568462,2024-05-24
2024-05-23,603520,2.403816593167292,2024-05-24
2024-05-23,301187,2.3372058899558263,2024-05-24
2024-05-23,300435,2.2955039731780578,2024-05-24
2024-05-23,688315,2.2763766629083206,2024-05-24
2024-05-23,600997,2.1665069952324005,2024-05-24
2024-05-23,688657,2.078928253517745,2024-05-24
2024-05-24,300690,3.6301666887797177,2024-05-27
2024-05-24,300078,2.9852809972971173,2024-05-27
2024-05-24,300394,2.2666349008316526,2024-05-27
2024-05-27,688331,3.678876917394696,2024-05-28
2024-05-27,603233,2.157795209405008,2024-05-28
2024-05-28,000506,4.77637765896229,2024-05-29
2024-05-28,002031,2.803889508166881,2024-05-29
2024-05-28,603220,2.149397841294612,2024-05-29
2024-05-28,301508,2.0250771475048417,2024-05-29
2024-05-29,601929,2.775383043626433,2024-05-30
2024-05-29,300045,2.653533747873936,2024-05-30
2024-05-29,002362,2.373894377961922,2024-05-30
2024-05-29,600686,2.288233960158844,2024-05-30
2024-05-30,000525,3.272136957861906,2024-05-31
2024-05-30,603082,2.2545185880928016,2024-05-31
2024-05-31,600031,2.354020205642076,2024-06-03
2024-05-31,300107,2.3161787664941715,2024-06-03
2024-05-31,300913,2.188349170155416,2024-06-03
2024-06-03,002607,2.871035249123966,2024-06-04
2024-06-03,300163,2.6869111429879124,2024-06-04
2024-06-03,002272,2.206149329913877,2024-06-04
2024-06-04,301063,3.408043681240592,2024-06-05
2024-06-04,603360,3.347746327327921,2024-06-05
2024-06-04,300175,3.2409088622387,2024-06-05
2024-06-04,300095,2.79129443691352,2024-06-05
2024-06-04,300838,2.478234846611341,2024-06-05
2024-06-04,300929,2.4061519261331705,2024-06-05
2024-06-04,603042,2.1137073413241403,2024-06-05
2024-06-04,301226,2.021581844763744,2024-06-05
2024-06-04,301212,2.0046834419548967,2024-06-05
2024-06-05,688050,3.940396351120388,2024-06-06
2024-06-05,300269,3.840971592266463,2024-06-06
2024-06-05,300632,2.7177436399080857,2024-06-06
2024-06-05,301578,2.629546825132727,2024-06-06
2024-06-05,301149,2.498057491741805,2024-06-06
2024-06-05,600778,2.494949915766856,2024-06-06
2024-06-05,300175,2.2419337562644275,2024-06-06
2024-06-06,001230,2.964389016853464,2024-06-07
2024-06-06,603879,2.5252701148841963,2024-06-07
2024-06-06,002471,2.2063746514012235,2024-06-07
2024-06-06,600610,2.0866889271199427,2024-06-07
2024-06-06,688291,2.0576742379269364,2024-06-07
2024-06-07,002269,3.3375079688904066,2024-06-11
2024-06-07,688353,2.821519497442264,2024-06-11
2024-06-07,603052,2.811804650083613,2024-06-11
2024-06-07,002161,2.395809846420746,2024-06-11
2024-06-07,688657,2.363827551890376,2024-06-11
2024-06-11,603863,3.3664541088585422,2024-06-12
2024-06-11,002229,2.862348910630976,2024-06-12
2024-06-11,601162,2.4285139777791303,2024-06-12
2024-06-11,600360,2.4163309235959325,2024-06-12
2024-06-11,600358,2.2124186888008337,2024-06-12
2024-06-12,002728,3.202043665194571,2024-06-13
2024-06-12,600157,2.790241862368835,2024-06-13
2024-06-12,603609,2.519651047859135,2024-06-13
2024-06-12,003029,2.390529216167714,2024-06-13
2024-06-12,603969,2.3780141260068497,2024-06-13
2024-06-12,688588,2.06412004339781,2024-06-13
2024-06-13,301331,3.571514759225724,2024-06-14
2024-06-13,002865,3.335667231791425,2024-06-14
2024-06-13,003031,2.3589758749587206,2024-06-14
2024-06-14,002727,2.1551277561225595,2024-06-17
2024-06-17,000034,3.6807333577251216,2024-06-18
2024-06-17,300833,3.388092896595428,2024-06-18
2024-06-17,300274,3.181130429588753,2024-06-18
2024-06-17,000717,2.0533013570635736,2024-06-18
2024-06-18,000882,2.847068768600312,2024-06-19
2024-06-18,300056,2.446995552336167,2024-06-19
2024-06-18,000672,2.442041650749654,2024-06-19
2024-06-18,301089,2.3699978450015804,2024-06-19
2024-06-18,300833,2.2555762474124084,2024-06-19
2024-06-19,002601,3.631247377131544,2024-06-20
2024-06-19,300347,2.621675073673684,2024-06-20
2024-06-19,002386,2.304979304448781,2024-06-20
2024-06-19,688455,2.0771858962423853,2024-06-20
2024-06-20,000002,2.3740789167285348,2024-06-21
2024-06-20,000999,2.0333682766145067,2024-06-21
2024-06-21,688257,2.989563502277287,2024-06-24
2024-06-21,605266,2.9136976414275457,2024-06-24
2024-06-21,300919,2.6855808327016377,2024-06-24
2024-06-21,301205,2.320508326508129,2024-06-24
2024-06-21,002304,2.2734182351052987,2024-06-24
2024-06-21,603833,2.131037424355616,2024-06-24
2024-06-24,603137,3.486713160446586,2024-06-25
2024-06-24,002289,2.9019508711106106,2024-06-25
2024-06-24,301413,2.6486841132275107,2024-06-25
2024-06-24,688005,2.2819887437651603,2024-06-25
2024-06-24,603500,2.046766390418493,2024-06-25
2024-06-24,000069,2.018327268800866,2024-06-25
2024-06-25,688058,4.403565909131973,2024-06-26
2024-06-25,000908,3.2396598009497986,2024-06-26
2024-06-25,301395,3.174301383122383,2024-06-26
2024-06-25,600881,2.8187090159375097,2024-06-26
2024-06-25,301391,2.6095282025933213,2024-06-26
2024-06-25,300682,2.439461648467673,2024-06-26
2024-06-25,300040,2.3178626153833704,2024-06-26
2024-06-25,301052,2.109805037561426,2024-06-26
2024-06-26,688599,3.3651155952126004,2024-06-27
2024-06-26,600569,2.6497802721318484,2024-06-27
2024-06-26,000882,2.495594937397549,2024-06-27
2024-06-26,300174,2.4643552005673226,2024-06-27
2024-06-27,600881,4.501306114614392,2024-06-28
2024-06-27,601127,3.6000611458115004,2024-06-28
2024-06-27,600221,3.1832690333493523,2024-06-28
2024-06-27,688581,3.035532735123009,2024-06-28
2024-06-27,301315,2.819328994084386,2024-06-28
2024-06-27,603931,2.6962844568139697,2024-06-28
2024-06-27,603881,2.558365299957718,2024-06-28
2024-06-27,300736,2.4932339327793134,2024-06-28
2024-06-28,000506,3.9772135291671855,2024-07-01
2024-06-28,603050,3.043331885954693,2024-07-01
2024-06-28,301267,2.7550240564397424,2024-07-01
2024-06-28,688443,2.6748936198213995,2024-07-01
2024-06-28,002735,2.646816048465226,2024-07-01
2024-07-01,605111,2.956652834688785,2024-07-02
2024-07-01,600545,2.690715196985397,2024-07-02
2024-07-01,688052,2.104506489295776,2024-07-02
2024-07-02,688531,3.468458632983157,2024-07-03
2024-07-02,000921,3.014176598560489,2024-07-03
2024-07-02,688286,2.791766528589395,2024-07-03
2024-07-02,003038,2.3932581524236616,2024-07-03
2024-07-02,688711,2.3095423299246627,2024-07-03
2024-07-02,000603,2.0754395730435937,2024-07-03
2024-07-02,688507,2.0622445082375327,2024-07-03
2024-07-03,605098,2.830292666452057,2024-07-04
2024-07-03,603317,2.4488880959098074,2024-07-04
2024-07-03,600161,2.33145230098003,2024-07-04
2024-07-03,002867,2.261997848765776,2024-07-04
2024-07-03,605020,2.1890158595384794,2024-07-04
2024-07-04,603880,2.679115629942189,2024-07-05
2024-07-04,300833,2.5941652934565145,2024-07-05
2024-07-04,603859,2.412485315539972,2024-07-05
2024-07-04,300206,2.387331952285736,2024-07-05
2024-07-04,688375,2.2892182829572416,2024-07-05
2024-07-04,300274,2.214732698675301,2024-07-05
2024-07-04,688516,2.1680397073622992,2024-07-05
2024-07-05,688531,2.6964134150736934,2024-07-08
2024-07-05,688015,2.439613485197284,2024-07-08
2024-07-05,688366,2.058835250863343,2024-07-08
2024-07-08,301310,2.7259505337513543,2024-07-09
2024-07-08,688687,2.2899879300931465,2024-07-09
2024-07-08,688433,2.056043914530872,2024-07-09
2024-07-08,688017,2.000466551797995,2024-07-09
2024-07-09,688598,4.060044183558681,2024-07-10
2024-07-09,688331,3.967673182047776,2024-07-10
2024-07-09,605377,3.908366845972935,2024-07-10
2024-07-09,603137,2.4910969638965543,2024-07-10
2024-07-09,603383,2.469172882662705,2024-07-10
2024-07-09,600970,2.3013750147063154,2024-07-10
2024-07-09,000663,2.098453869108231,2024-07-10
2024-07-09,688058,2.066807394996506,2024-07-10
2024-07-10,688557,3.9935304750121663,2024-07-11
2024-07-10,300376,2.935600188256886,2024-07-11
2024-07-10,600579,2.8566150824144443,2024-07-11
2024-07-10,000526,2.3674130885829854,2024-07-11
2024-07-10,300751,2.3463470712111705,2024-07-11
2024-07-10,301153,2.0668194712275025,2024-07-11
2024-07-11,600395,2.3760799142327373,2024-07-12
2024-07-11,603939,2.207086386424783,2024-07-12
2024-07-11,002567,2.0562887959687366,2024-07-12
2024-07-11,688283,2.001744452729727,2024-07-12
2024-07-12,603990,2.637352877264818,2024-07-15
2024-07-12,605289,2.2418710224164218,2024-07-15
2024-07-15,603348,3.7830407616460735,2024-07-16
2024-07-15,000680,2.7216024894457127,2024-07-16
2024-07-15,003038,2.6757445761138747,2024-07-16
2024-07-15,688157,2.264024287965695,2024-07-16
2024-07-15,688120,2.255780200423549,2024-07-16
2024-07-15,002922,2.20430765209933,2024-07-16
2024-07-16,688408,3.6976624223119496,2024-07-17
2024-07-16,600208,2.462294519930488,2024-07-17
2024-07-16,600246,2.286772933695471,2024-07-17
2024-07-16,300260,2.0677488302718445,2024-07-17
2024-07-16,301345,2.008477848096897,2024-07-17
2024-07-17,688408,3.558065379307073,2024-07-18
2024-07-17,603135,3.555893920213805,2024-07-18
2024-07-17,300417,2.512003484935366,2024-07-18
2024-07-17,300097,2.470758134394312,2024-07-18
2024-07-17,300700,2.276337119486896,2024-07-18
2024-07-17,688696,2.245574283311723,2024-07-18
2024-07-17,301005,2.210307505522844,2024-07-18
2024-07-18,300308,2.322006833508035,2024-07-19
2024-07-18,300876,2.2795810861863366,2024-07-19
2024-07-19,605555,2.642803352006469,2024-07-22
2024-07-19,301160,2.490906155798501,2024-07-22
2024-07-19,300979,2.298560458997107,2024-07-22
2024-07-19,001203,2.2742180472170688,2024-07-22
2024-07-19,002085,2.148130446590716,2024-07-22
2024-07-19,688498,2.062759701019135,2024-07-22
2024-07-22,000544,2.1151768646315854,2024-07-23
2024-07-23,688217,3.498383709230895,2024-07-24
2024-07-23,002983,2.485824704220409,2024-07-24
2024-07-23,600256,2.1390544308470814,2024-07-24
2024-07-24,000981,4.02217632385735,2024-07-25
2024-07-24,000596,2.7315146616522243,2024-07-25
2024-07-24,603348,2.5945387404925624,2024-07-25
2024-07-24,000926,2.501091521206981,2024-07-25
2024-07-24,002613,2.335753027803104,2024-07-25
2024-07-24,688359,2.2295806020101008,2024-07-25
2024-07-24,600843,2.008675634418627,2024-07-25
2024-07-25,688339,2.412345154339045,2024-07-26
2024-07-25,300321,2.322366412615392,2024-07-26
2024-07-25,002749,2.073970231340495,2024-07-26
2024-07-25,600322,2.0371028858839137,2024-07-26
2024-07-26,600513,2.620091860424452,2024-07-29
2024-07-26,600926,2.594210886965568,2024-07-29
2024-07-26,002427,2.3502101044055226,2024-07-29
2024-07-26,600398,2.2421670155873525,2024-07-29
2024-07-26,002409,2.035419147328273,2024-07-29
2024-07-26,002727,2.0330781417983506,2024-07-29
2024-07-29,000981,4.407271433890103,2024-07-30
2024-07-29,002663,2.0181900284638745,2024-07-30
2024-07-30,000568,3.05944802719379,2024-07-31
2024-07-30,300705,2.346775043297837,2024-07-31
2024-07-30,601717,2.166551199193125,2024-07-31
2024-07-31,300723,3.906682864276102,2024-08-01
2024-07-31,000759,3.55371960184838,2024-08-01
2024-07-31,601138,2.9783506920437945,2024-08-01
2024-07-31,601963,2.772584169660047,2024-08-01
2024-07-31,002140,2.521424061319297,2024-08-01
2024-07-31,000875,2.4971217419010374,2024-08-01
2024-07-31,600660,2.0939395293251524,2024-08-01
2024-07-31,300056,2.0484933158189227,2024-08-01
2024-07-31,002375,2.021813250703476,2024-08-01
2024-07-31,002787,2.012892377681845,2024-08-01
2024-08-01,688166,3.494620863596404,2024-08-02
2024-08-01,603883,3.011630571447162,2024-08-02
2024-08-01,600373,2.246686254382701,2024-08-02
2024-08-01,002867,2.1817904532707253,2024-08-02
2024-08-01,605388,2.029338220970222,2024-08-02
2024-08-02,688408,4.283608493102228,2024-08-05
2024-08-02,688798,3.0171000679015765,2024-08-05
2024-08-02,300879,2.2248520505771525,2024-08-05
2024-08-02,300723,2.155317289876117,2024-08-05
2024-08-02,603980,2.1041182769415507,2024-08-05
2024-08-05,601138,3.500435456601614,2024-08-06
2024-08-05,002273,3.111794217930784,2024-08-06
2024-08-05,300128,2.537439189388599,2024-08-06
2024-08-05,300517,2.5319684926114863,2024-08-06
2024-08-05,300812,2.3096135654201606,2024-08-06
2024-08-06,605188,3.729989182049904,2024-08-07
2024-08-07,688596,2.5230112274885816,2024-08-08
2024-08-07,688408,2.302198788177402,2024-08-08
2024-08-07,301132,2.2634291217821865,2024-08-08
2024-08-07,603661,2.0447088212300724,2024-08-08
2024-08-08,300796,3.676549458298737,2024-08-09
2024-08-08,301377,2.1807810041479776,2024-08-09
2024-08-08,600386,2.1047094422721377,2024-08-09
2024-08-08,300661,2.09558674070088,2024-08-09
2024-08-09,002316,2.7483936258776787,2024-08-12
2024-08-09,300121,2.732720324969177,2024-08-12
2024-08-09,603995,2.6010910980946096,2024-08-12
2024-08-09,300857,2.59516024129912,2024-08-12
2024-08-09,688778,2.3305085870062365,2024-08-12
2024-08-12,300641,4.125761514531464,2024-08-13
2024-08-12,301567,2.644407466850617,2024-08-13
2024-08-13,688639,2.7572510138698245,2024-08-14
2024-08-13,688037,2.331665475341346,2024-08-14
2024-08-13,603135,2.061189112416049,2024-08-14
2024-08-14,688443,2.714751443895854,2024-08-15
2024-08-14,601021,2.308250521001437,2024-08-15
2024-08-14,002840,2.276176656525976,2024-08-15
2024-08-14,600711,2.0396815123836665,2024-08-15
2024-08-15,600733,2.6848968514063176,2024-08-16
2024-08-15,002971,2.422093694333692,2024-08-16
2024-08-16,688570,2.7165560439878007,2024-08-19
2024-08-16,300916,2.6470399796074897,2024-08-19
2024-08-16,301036,2.567199735903646,2024-08-19
2024-08-16,688276,2.5400545992435104,2024-08-19
2024-08-16,300552,2.448827436624636,2024-08-19
2024-08-16,600711,2.07770027273378,2024-08-19
2024-08-16,688559,2.008156024791404,2024-08-19
2024-08-19,688120,3.186878449729804,2024-08-20
2024-08-19,000981,2.907125535732637,2024-08-20
2024-08-19,605296,2.546834945376282,2024-08-20
2024-08-19,300482,2.1717086766986204,2024-08-20
2024-08-19,002723,2.0492406125835947,2024-08-20
2024-08-20,300314,3.0980107698880066,2024-08-21
2024-08-20,603477,2.6043986268363515,2024-08-21
2024-08-20,002840,2.255692679339578,2024-08-21
2024-08-20,301229,2.207544138466268,2024-08-21
2024-08-20,600282,2.0090268085759058,2024-08-21
2024-08-21,688108,3.081180033084097,2024-08-22
2024-08-21,300226,2.577222751110992,2024-08-22
2024-08-21,601865,2.4072927859296795,2024-08-22
2024-08-21,603633,2.218405821222872,2024-08-22
2024-08-22,688653,2.48076633329622,2024-08-23
2024-08-22,603633,2.174596382285024,2024-08-23
2024-08-22,603686,2.171414530970704,2024-08-23
2024-08-22,605011,2.046617262390208,2024-08-23
2024-08-22,688526,2.028246214363728,2024-08-23
2024-08-23,301421,3.0180419502801006,2024-08-26
2024-08-23,603079,2.600787297129064,2024-08-26
2024-08-23,002840,2.5757466936836098,2024-08-26
2024-08-23,603239,2.541809976304487,2024-08-26
2024-08-23,002001,2.2962752785718235,2024-08-26
2024-08-23,605088,2.274348084731826,2024-08-26
2024-08-23,601615,2.2663956696251315,2024-08-26
2024-08-23,300120,2.0870902979561405,2024-08-26
2024-08-23,688520,2.024959241672218,2024-08-26
2024-08-26,603267,3.2487499412935,2024-08-27
2024-08-26,688016,2.04345787099741,2024-08-27
2024-08-26,688520,2.007244260146289,2024-08-27
2024-08-27,002766,2.823512223930553,2024-08-28
2024-08-27,300644,2.405090387766908,2024-08-28
2024-08-27,300498,2.3101055788385167,2024-08-28
2024-08-27,300316,2.1923338599841875,2024-08-28
2024-08-27,301399,2.185974373660686,2024-08-28
2024-08-27,002150,2.07226291255446,2024-08-28
2024-08-27,688401,2.0215175327155266,2024-08-28
2024-08-28,603496,2.647530092444616,2024-08-29
2024-08-28,002146,2.582230804667751,2024-08-29
2024-08-28,000524,2.324078565169156,2024-08-29
2024-08-28,688525,2.2874210437688665,2024-08-29
2024-08-28,002048,2.255745376980689,2024-08-29
2024-08-28,002864,2.2510164685225256,2024-08-29
2024-08-29,600547,2.896521023005353,2024-08-30
2024-08-29,603087,2.498328155212665,2024-08-30
2024-08-29,300845,2.4208714673922445,2024-08-30
2024-08-29,688389,2.135785696639904,2024-08-30
2024-08-29,300751,2.0108262009116182,2024-08-30
2024-08-30,601838,2.057049742134242,2024-09-02
2024-09-03,603027,2.8768738119851465,2024-09-04
2024-09-03,001289,2.675540983713024,2024-09-04
2024-09-03,002458,2.332747925188168,2024-09-04
2024-09-03,600617,2.255477445247221,2024-09-04
2024-09-03,300285,2.221785353448116,2024-09-04
2024-09-04,000922,3.023502276345138,2024-09-05
2024-09-04,000818,2.729436471861706,2024-09-05
2024-09-04,688701,2.406012298481102,2024-09-05
2024-09-04,601866,2.209666979704916,2024-09-05
2024-09-04,601328,2.073898604723557,2024-09-05
2024-09-04,688409,2.0168741165428785,2024-09-05
2024-09-05,601001,2.1504369806572634,2024-09-06
2024-09-06,600577,2.644932454755626,2024-09-09
2024-09-06,688147,2.212450287941264,2024-09-09
2024-09-10,603878,2.243933568407498,2024-09-11
2024-09-10,603886,2.0357089994449367,2024-09-11
2024-09-11,603172,3.703390731014604,2024-09-12
2024-09-11,600938,2.31201144863991,2024-09-12
2024-09-11,600016,2.171753386797921,2024-09-12
2024-09-11,600569,2.121980791042497,2024-09-12
2024-09-12,300563,2.79208100710556,2024-09-13
2024-09-12,603059,2.449498133796514,2024-09-13
2024-09-13,600733,2.287209891814054,2024-09-18
2024-09-13,000858,2.014880601322276,2024-09-18
2024-09-18,688658,3.182161445887666,2024-09-19
2024-09-18,688375,2.154591051999865,2024-09-19
2024-09-18,688110,2.0272077909320694,2024-09-19
2024-09-19,300498,3.630586398326756,2024-09-20
2024-09-19,600516,2.3829168845347457,2024-09-20
2024-09-19,688589,2.3310703765244654,2024-09-20
2024-09-19,688551,2.052090671477514,2024-09-20
2024-09-20,300677,2.750083041559038,2024-09-23
2024-09-20,603535,2.48061685213764,2024-09-23
2024-09-20,603160,2.104649366366463,2024-09-23
2024-09-20,688443,2.0737468979238454,2024-09-23
2024-09-23,000545,2.132569828117864,2024-09-24
2024-09-24,300751,2.9663423409968424,2024-09-25
2024-09-24,002880,2.137162395011248,2024-09-25
2024-09-25,001308,2.511500173322802,2024-09-26
2024-09-25,001306,2.072976878177391,2024-09-26
2024-09-26,688072,2.4639417422976617,2024-09-27
2024-09-26,000543,2.350678711503199,2024-09-27
2024-09-27,002972,2.2212541592074992,2024-09-30
2024-09-27,300562,2.134090972743983,2024-09-30
2024-09-27,603358,2.133734763994977,2024-09-30
2024-09-30,600941,2.67278527909523,2024-10-08
2024-09-30,600795,2.665447503071753,2024-10-08
2024-09-30,600674,2.580956566859584,2024-10-08
2024-09-30,603488,2.399320589104022,2024-10-08
2024-10-08,601225,2.784097386056608,2024-10-09
2024-10-08,600029,2.3730183792761608,2024-10-09
2024-10-08,605188,2.1450168519508,2024-10-09
2024-10-09,000719,2.243395153125725,2024-10-10
2024-10-09,600493,2.0444027181384388,2024-10-10
2024-10-10,002496,2.9176982207774467,2024-10-11
2024-10-10,605499,2.868674555977049,2024-10-11
2024-10-10,000950,2.192741899189307,2024-10-11
2024-10-10,601211,2.1515858269667736,2024-10-11
2024-10-10,000545,2.046601089314568,2024-10-11
2024-10-16,603112,2.107303562613294,2024-10-17
2024-10-16,300736,2.1051131205401195,2024-10-17
2024-10-17,601038,2.344043597915737,2024-10-18
2024-10-17,688099,2.331427342499364,2024-10-18
2024-10-17,300498,2.122665530593813,2024-10-18
2024-10-21,688793,2.655170566135183,2024-10-22
2024-10-21,600741,2.0670026548980256,2024-10-22
2024-10-21,601088,2.017282944266876,2024-10-22
2024-10-22,600926,2.6223053886941585,2024-10-23
2024-10-23,603307,2.272526341087407,2024-10-24
2024-10-24,000526,3.943079240412612,2024-10-25
2024-10-28,600749,2.235281850914016,2024-10-29
2024-10-29,600219,2.1431801689057366,2024-10-30
2024-10-30,605499,2.838942846120247,2024-10-31
2024-10-30,002252,2.5493405622858667,2024-10-31
2024-10-30,601058,2.2251704508513206,2024-10-31
2024-10-30,002714,2.218523368665036,2024-10-31
2024-10-31,601233,2.603958910070982,2024-11-01
2024-10-31,601336,2.2722304569689906,2024-11-01
2024-11-05,301608,2.3730984584282826,2024-11-06
2024-11-05,002762,2.132440454653393,2024-11-06
2024-11-05,000913,2.096902983443213,2024-11-06
2024-11-05,605499,2.0592047682847485,2024-11-06
2024-11-08,600988,2.62620629141246,2024-11-11
2024-11-08,000683,2.239662492740755,2024-11-11
2024-11-12,300408,2.1501424864996963,2024-11-13
2024-11-13,002244,2.473784476194943,2024-11-14
2024-11-13,002653,2.4123731241932083,2024-11-14
2024-11-13,301363,2.075089402622858,2024-11-14
2024-11-14,002537,2.011488312278692,2024-11-15
2024-11-15,300476,2.3781408618574065,2024-11-18
2024-11-15,300471,2.1103629762919427,2024-11-18
2024-11-18,300623,2.157423703536092,2024-11-19
2024-11-19,002555,2.1187744019035093,2024-11-20
2024-11-19,688368,2.0925443795304504,2024-11-20
2024-11-19,301283,2.002392429601449,2024-11-20
2024-11-20,688130,2.9722286494331707,2024-11-21
2024-11-20,300763,2.3381562721751354,2024-11-21
2024-11-20,688110,2.313707432249472,2024-11-21
2024-11-20,300967,2.191750645152588,2024-11-21
2024-11-20,603826,2.095212525197849,2024-11-21
2024-11-21,002238,2.409577489648957,2024-11-22
2024-11-21,601138,2.1907992325799093,2024-11-22
2024-11-21,600999,2.077601712688966,2024-11-22
2024-11-21,301047,2.0770381589004243,2024-11-22
2024-11-21,301052,2.0634581388882447,2024-11-22
2024-11-22,688680,2.4789512505754154,2024-11-25
2024-11-22,002885,2.2990567281260867,2024-11-25
2024-11-26,300102,2.7059018587345887,2024-11-27
2024-11-26,601012,2.2653253778278977,2024-11-27
2024-11-26,688150,2.246470746069791,2024-11-27
2024-11-26,300927,2.1608064826333298,2024-11-27
2024-11-26,002967,2.1297862238290586,2024-11-27
2024-11-26,600611,2.1286890157711618,2024-11-27
2024-11-26,000807,2.033626010019774,2024-11-27
2024-11-26,300695,2.032141160969087,2024-11-27
2024-11-27,002559,2.040085963416196,2024-11-28
2024-11-28,603079,2.4008159367558104,2024-11-29
2024-11-28,002815,2.17933181514286,2024-11-29
2024-11-28,301070,2.05052234283324,2024-11-29
2024-11-29,688167,2.149842931209938,2024-12-02
2024-12-02,000829,2.149498668279849,2024-12-03
2024-12-03,300813,2.652242149336895,2024-12-04
2024-12-03,002236,2.5617016362979794,2024-12-04
2024-12-03,601020,2.509562552712224,2024-12-04
2024-12-03,002985,2.3122264317604326,2024-12-04
2024-12-03,301200,2.297450161261156,2024-12-04
2024-12-03,688120,2.2820946520309047,2024-12-04
2024-12-03,000534,2.167962875511096,2024-12-04
2024-12-04,002126,2.4191352101103005,2024-12-05
2024-12-04,300565,2.070023977421819,2024-12-05
2024-12-04,301191,2.068566088571683,2024-12-05
2024-12-04,300052,2.036062444277317,2024-12-05
2024-12-05,603268,3.5303719061224537,2024-12-06
2024-12-05,300683,2.4373429138526976,2024-12-06
2024-12-05,300925,2.095348414914288,2024-12-06
2024-12-05,002294,2.049808006259048,2024-12-06
2024-12-06,002999,2.0859578065577047,2024-12-09
2024-12-06,300883,2.08578811208388,2024-12-09
2024-12-09,688168,2.474390941851785,2024-12-10
2024-12-09,300776,2.163044215981828,2024-12-10
2024-12-09,301155,2.038037856775673,2024-12-10
2024-12-10,600563,2.492458027441316,2024-12-11
2024-12-10,002156,2.368939716000987,2024-12-11
2024-12-10,300752,2.2243179259984767,2024-12-11
2024-12-10,600629,2.080855495629896,2024-12-11
2024-12-11,002633,3.06297849708453,2024-12-12
2024-12-11,300382,2.0562603964165915,2024-12-12
2024-12-11,600323,2.032524984781128,2024-12-12
2024-12-12,603005,2.339539151964633,2024-12-13
2024-12-12,300046,2.091964354909384,2024-12-13
2024-12-12,600219,2.078607664720746,2024-12-13
2024-12-16,300484,2.762945998664361,2024-12-17
2024-12-16,688535,2.232633943870999,2024-12-17
2024-12-17,688058,2.3351273274302504,2024-12-18
2024-12-17,688328,2.041781259962073,2024-12-18
2024-12-18,002787,3.445946633538937,2024-12-19
2024-12-18,300322,3.0028841022614468,2024-12-19
2024-12-18,300801,2.662301920879424,2024-12-19
2024-12-18,301072,2.604929665819599,2024-12-19
2024-12-18,300927,2.308788066640819,2024-12-19
2024-12-18,688638,2.234345958354264,2024-12-19
2024-12-18,603332,2.068328535523695,2024-12-19
2024-12-19,600800,2.209635033523649,2024-12-20
2024-12-19,600622,2.144771184831786,2024-12-20
2024-12-19,300813,2.0004060024033468,2024-12-20
2024-12-20,600212,3.0473258622653105,2024-12-23
2024-12-20,002928,2.7814999048298787,2024-12-23
2024-12-20,603015,2.423907246307202,2024-12-23
2024-12-20,605196,2.3259813378943512,2024-12-23
2024-12-20,600717,2.1222612636586966,2024-12-23
2024-12-24,300189,2.761255712766746,2024-12-25
2024-12-24,603669,2.631409551642541,2024-12-25
2024-12-24,002858,2.6172610909351066,2024-12-25
2024-12-24,000761,2.5470273345567067,2024-12-25
2024-12-24,600159,2.5254425065975674,2024-12-25
2024-12-24,300350,2.4809988940086463,2024-12-25
2024-12-24,002679,2.395843045578876,2024-12-25
2024-12-24,688309,2.3949620000606533,2024-12-25
2024-12-24,300058,2.2897962101685474,2024-12-25
2024-12-24,301526,2.234367161147416,2024-12-25
2024-12-24,688511,2.132804840484264,2024-12-25
2024-12-24,300120,2.0754504160527487,2024-12-25
2024-12-25,300359,2.596581782595975,2024-12-26
2024-12-25,000607,2.5253118275647948,2024-12-26
2024-12-25,300269,2.519841726120097,2024-12-26
2024-12-25,300551,2.48760435338092,2024-12-26
2024-12-25,002800,2.2329939698617336,2024-12-26
2024-12-25,300767,2.228325036792121,2024-12-26
2024-12-25,000757,2.223097781294215,2024-12-26
2024-12-25,000995,2.159746881198497,2024-12-26
2024-12-25,002829,2.037420180833396,2024-12-26
2024-12-26,600257,2.828332278224821,2024-12-27
2024-12-26,000890,2.6252317643278364,2024-12-27
2024-12-26,301372,2.351875454849586,2024-12-27
2024-12-26,003040,2.347061042196562,2024-12-27
2024-12-26,301152,2.1209091573439824,2024-12-27
2024-12-26,002850,2.08125375716527,2024-12-27
2024-12-26,600130,2.079015052861666,2024-12-27
2024-12-26,300283,2.0304315434494606,2024-12-27
2024-12-26,688212,2.0153726833763344,2024-12-27
2024-12-27,002005,3.675972530787221,2024-12-30
2024-12-27,000518,2.878243945132504,2024-12-30
2024-12-27,002086,2.850974587107986,2024-12-30
2024-12-27,603779,2.5603905068640067,2024-12-30
2024-12-27,300210,2.5000124969018183,2024-12-30
2024-12-27,300592,2.485562353972369,2024-12-30
2024-12-27,300632,2.3631416159323786,2024-12-30
2024-12-27,600661,2.335876593134399,2024-12-30
2024-12-27,688466,2.27475433569772,2024-12-30
2024-12-27,603019,2.1259777319565423,2024-12-30
2024-12-27,600536,2.022272167287645,2024-12-30
2024-12-30,300269,2.196416940182078,2024-12-31
2024-12-30,002529,2.178504502175992,2024-12-31
2024-12-30,600400,2.0032559553081,2024-12-31
2024-12-31,002587,3.113642978243289,2025-01-02
2024-12-31,600463,2.5044836289953376,2025-01-02
2024-12-31,601865,2.332347232980296,2025-01-02
2024-12-31,603188,2.228128220895382,2025-01-02
2024-12-31,300576,2.215317803181507,2025-01-02
2024-12-31,002248,2.175176797677127,2025-01-02
2024-12-31,301178,2.0805881602079053,2025-01-02
2024-12-31,000608,2.004348348805541,2025-01-02
2025-01-03,300310,2.758277302117416,2025-01-06
2025-01-03,300364,2.5038404914791066,2025-01-06
2025-01-03,688084,2.0497379711352472,2025-01-06
2025-01-06,300175,2.5335278852991783,2025-01-07
2025-01-06,300769,2.183804212020099,2025-01-07
2025-01-06,603988,2.0737278097535965,2025-01-07
2025-01-06,601798,2.0205564047497795,2025-01-07
2025-01-06,603042,2.018982255053888,2025-01-07
2025-01-07,300765,2.5227498981671435,2025-01-08
2025-01-07,002792,2.2127717617449614,2025-01-08
2025-01-07,002858,2.187626857418465,2025-01-08
2025-01-07,300397,2.0803993032701147,2025-01-08
2025-01-07,300572,2.046564327772126,2025-01-08
2025-01-09,301127,2.5708454547247954,2025-01-10
2025-01-09,300798,2.3835884602287987,2025-01-10
2025-01-09,688139,2.046194455548546,2025-01-10
2025-01-10,600151,2.228089068483761,2025-01-13
2025-01-10,300798,2.0955861665210054,2025-01-13
2025-01-10,300085,2.072602298447672,2025-01-13
2025-01-13,688296,2.415613944850993,2025-01-14
2025-01-14,002793,3.032270615187545,2025-01-15
2025-01-14,603823,2.4058358697979045,2025-01-15
2025-01-14,300621,2.100056172678663,2025-01-15
2025-01-14,300816,2.0175809564052134,2025-01-15
2025-01-15,600575,2.6781408034460554,2025-01-16
2025-01-15,301211,2.2010538634033687,2025-01-16
2025-01-15,603229,2.050351901853132,2025-01-16
2025-01-15,603392,2.005036957066934,2025-01-16
2025-01-16,002277,2.0673004924747387,2025-01-17
2025-01-17,600983,2.366026267080781,2025-01-20
2025-01-17,002096,2.204385328518584,2025-01-20
2025-01-20,600567,2.20070218500537,2025-01-21
2025-01-20,002027,2.181935900302025,2025-01-21
2025-01-20,603208,2.025813318738141,2025-01-21
2025-01-21,603559,3.533057793747666,2025-01-22
2025-01-21,300902,2.7974514906932404,2025-01-22
2025-01-21,601336,2.391135081483348,2025-01-22
2025-01-21,002583,2.2637156539995864,2025-01-22
2025-01-21,301206,2.192869073308976,2025-01-22
2025-01-21,300062,2.0669793690484783,2025-01-22
2025-01-21,600326,2.059118396105858,2025-01-22
2025-01-21,002084,2.0396731511601285,2025-01-22
2025-01-22,300562,2.5222817093099072,2025-01-23
2025-01-22,600549,2.0698709493439664,2025-01-23
2025-01-22,601798,2.0444013309997127,2025-01-23
2025-01-23,688362,2.681071778230746,2025-01-24
2025-01-23,601238,2.00981215534792,2025-01-24
2025-01-24,300902,3.725217902945649,2025-01-27
2025-01-24,002529,3.654108830068132,2025-01-27
2025-01-24,600892,3.100700642464916,2025-01-27
2025-01-24,600702,3.100222219723837,2025-01-27
2025-01-24,688584,2.520454065720092,2025-01-27
2025-01-24,600129,2.446283968753748,2025-01-27
2025-01-27,002848,2.2800403861083707,2025-02-05
2025-01-27,603978,2.035686145070826,2025-02-05
2025-02-05,001330,2.9202270515636863,2025-02-06
2025-02-05,002851,2.2755776776925454,2025-02-06
2025-02-06,300422,2.787820330657972,2025-02-07
2025-02-06,001323,2.3304502893584624,2025-02-07
2025-02-06,300577,2.3057154276410583,2025-02-07
2025-02-07,002693,2.365083070663962,2025-02-10
2025-02-07,600519,2.131889919685195,2025-02-10
2025-02-11,603713,2.3916323564423605,2025-02-12
2025-02-11,300499,2.214504321025138,2025-02-12
2025-02-11,000697,2.070753686634065,2025-02-12
2025-02-11,601838,2.058839420130929,2025-02-12
2025-02-12,002052,2.5385686229597777,2025-02-13
2025-02-12,300395,2.444294598080228,2025-02-13
2025-02-12,002482,2.2371891786272604,2025-02-13
2025-02-13,688443,2.560858893189782,2025-02-14
2025-02-14,688362,2.8123773670942613,2025-02-17
2025-02-14,688102,2.148096671110733,2025-02-17
2025-02-14,603799,2.076522459552673,2025-02-17
2025-02-17,688656,2.4541622464901214,2025-02-18
2025-02-17,688198,2.203923493760072,2025-02-18
2025-02-17,002785,2.0880404015420253,2025-02-18
2025-02-19,600694,2.4388237150208303,2025-02-20
2025-02-19,301446,2.155028453301409,2025-02-20
2025-02-19,300599,2.15105923682982,2025-02-20
2025-02-19,601360,2.1467482879761777,2025-02-20
2025-02-19,300575,2.1388484599919293,2025-02-20
2025-02-19,300471,2.089048015417766,2025-02-20
2025-02-20,301329,2.0412777805375866,2025-02-21
2025-02-21,605499,2.877430131410569,2025-02-24
2025-02-21,600585,2.370143672029432,2025-02-24
2025-02-21,300989,2.1708650701718755,2025-02-24
2025-02-21,601865,2.1325014695109763,2025-02-24
2025-02-21,600881,2.0170906735852334,2025-02-24
2025-02-25,603988,2.500979501000965,2025-02-26
2025-02-25,301522,2.016105013535113,2025-02-26
2025-02-26,002484,2.525501287334034,2025-02-27
2025-02-26,688013,2.212059732158301,2025-02-27
2025-02-27,002484,2.698244579459069,2025-02-28
2025-02-27,600765,2.266386253020976,2025-02-28
2025-02-28,300949,3.119295256387126,2025-03-03
2025-02-28,688720,2.424065527578801,2025-03-03
2025-02-28,603993,2.0287726632675973,2025-03-03
2025-02-28,300235,2.0135785761456604,2025-03-03
2025-03-03,301076,2.1589061517056924,2025-03-04
2025-03-03,000533,2.0189519464013723,2025-03-04
2025-03-04,000651,2.1046799619235896,2025-03-05
2025-03-05,300622,2.2355539660420387,2025-03-06
2025-03-05,300274,2.228527305468731,2025-03-06
2025-03-05,301568,2.147137821371203,2025-03-06
2025-03-05,300043,2.07206985573236,2025-03-06
2025-03-06,688001,2.7964083742670534,2025-03-07
2025-03-06,301580,2.3697056077664613,2025-03-07
2025-03-06,603214,2.299308171688108,2025-03-07
2025-03-06,301312,2.2217551881226747,2025-03-07
2025-03-07,600606,2.3118201488987484,2025-03-10
2025-03-07,601318,2.288792456415329,2025-03-10
2025-03-07,688056,2.187854201925058,2025-03-10
2025-03-07,300948,2.1232299005498487,2025-03-10
2025-03-07,002888,2.0859653296814584,2025-03-10
2025-03-11,001376,2.3898373953320493,2025-03-12
2025-03-11,688227,2.145971159603113,2025-03-12
2025-03-12,600422,2.700020865736489,2025-03-13
2025-03-12,603031,2.0985106782278096,2025-03-13
2025-03-12,601858,2.065660829499881,2025-03-13
2025-03-14,688225,2.5759192848062,2025-03-17
2025-03-14,605168,2.387498628103276,2025-03-17
2025-03-14,300439,2.120801648887322,2025-03-17
2025-03-17,300382,2.109427670447607,2025-03-18
2025-03-18,002486,3.167331000104441,2025-03-19
2025-03-18,688686,2.732765507249767,2025-03-19
2025-03-18,002920,2.2238919467855744,2025-03-19
2025-03-19,600990,2.501218530575922,2025-03-20
2025-03-19,002829,2.135835855412001,2025-03-20
2025-03-20,600727,2.590904981559722,2025-03-21
2025-03-20,300896,2.4227051334794547,2025-03-21
2025-03-20,300388,2.198251066556133,2025-03-21
2025-03-20,300413,2.1313881550281426,2025-03-21
2025-03-21,300814,2.5228949965541787,2025-03-24
2025-03-21,301512,2.426942319313326,2025-03-24
2025-03-21,002357,2.218426077859593,2025-03-24
2025-03-21,300279,2.0277916307526587,2025-03-24
2025-03-24,301486,2.6272997329227907,2025-03-25
2025-03-25,300343,3.53444319432546,2025-03-26
2025-03-25,603007,3.264059371827287,2025-03-26
2025-03-25,300590,2.53332752266812,2025-03-26
2025-03-25,300660,2.4989434991991386,2025-03-26
2025-03-25,300608,2.3781144746526044,2025-03-26
2025-03-25,300264,2.148086496244842,2025-03-26
2025-03-25,002139,2.0823251302582344,2025-03-26
2025-03-25,300170,2.0376424854033246,2025-03-26
2025-03-26,300503,2.3851925832682888,2025-03-27
2025-03-26,603528,2.340085532915625,2025-03-27
2025-03-26,601669,2.338014105308312,2025-03-27
2025-03-26,000532,2.1511552932807665,2025-03-27
2025-03-27,300488,2.2619226059462045,2025-03-28
2025-03-27,300296,2.142424621713092,2025-03-28
2025-03-28,600699,2.689419219925272,2025-03-31
2025-03-28,000818,2.297372412790881,2025-03-31
2025-03-28,603317,2.2669529691206254,2025-03-31
2025-03-28,301456,2.241752750866321,2025-03-31
2025-03-28,300980,2.0773234054446896,2025-03-31
2025-03-28,002580,2.041668085659284,2025-03-31
2025-03-28,000608,2.005918041277873,2025-03-31
2025-04-01,002865,3.962285346762246,2025-04-02
2025-04-01,002300,2.450526287857787,2025-04-02
2025-04-01,300721,2.4137082575379583,2025-04-02
2025-04-01,300781,2.406706019623368,2025-04-02
2025-04-01,601865,2.184793550362667,2025-04-02
2025-04-02,002520,3.350333096245577,2025-04-03
2025-04-02,688378,2.584948533527208,2025-04-03
2025-04-02,600325,2.2502754304713086,2025-04-03
2025-04-02,002387,2.0980259501300647,2025-04-03
2025-04-02,603912,2.028732594840532,2025-04-03
2025-04-03,601231,2.477226579442144,2025-04-07
2025-04-03,688188,2.3638821662714125,2025-04-07
2025-04-03,301078,2.3381710064886265,2025-04-07
2025-04-03,600552,2.178739278992797,2025-04-07
2025-04-07,300459,2.736830455052888,2025-04-08
2025-04-07,300465,2.4450157880076224,2025-04-08
2025-04-07,301121,2.309837437180028,2025-04-08
2025-04-07,301536,2.271869501730265,2025-04-08
2025-04-07,300885,2.250028139458249,2025-04-08
2025-04-07,301308,2.197067043260804,2025-04-08
2025-04-07,300560,2.179455945871597,2025-04-08
2025-04-07,300002,2.1523162957601327,2025-04-08
2025-04-07,300515,2.1034296994437383,2025-04-08
2025-04-07,300128,2.0410540146463303,2025-04-08
2025-04-08,002273,2.6959966755139777,2025-04-09
2025-04-08,688244,2.661552147003552,2025-04-09
2025-04-08,002134,2.588869010084583,2025-04-09
2025-04-08,002600,2.543181231059448,2025-04-09
2025-04-08,603211,2.358428007629992,2025-04-09
2025-04-08,002527,2.302148061674412,2025-04-09
2025-04-08,300583,2.282961470129255,2025-04-09
2025-04-08,600309,2.1012815346414224,2025-04-09
2025-04-08,001288,2.09401636985684,2025-04-09
2025-04-08,605118,2.043134986152002,2025-04-09
2025-04-08,300707,2.0031387169480417,2025-04-09
