TICKER_SYMBOL,signal_date,signal_score,entry_date,entry_price,entry_weight,exit_trigger_date,exit_date,exit_price,gross_position_return,holding_trading_days,exit_reason,status
603501,2023-01-05,2.049911182882668,2023-01-06,79.8,0.1,2023-01-17,2023-01-18,93.0,0.16541353383458657,8,take_profit,closed
300747,2023-01-04,2.9851456577500146,2023-01-05,22.98,0.1,2023-02-02,2023-02-03,26.73,0.1631853785900783,16,take_profit,closed
689009,2023-01-04,2.1323422933658063,2023-01-05,30.37,0.1,2023-02-07,2023-02-08,35.95,0.18373394797497533,19,take_profit,closed
300140,2023-01-17,2.886302893350221,2023-01-18,6.87,0.012971800421244318,2023-02-08,2023-02-09,8.02,0.16739446870451236,11,take_profit,closed
002728,2023-01-17,3.906776235160818,2023-01-18,21.22,0.1,2023-02-17,2023-02-20,26.64,0.25541941564561754,18,take_profit,closed
000157,2023-02-07,2.1559502970792,2023-02-08,5.76,0.1,2023-02-20,2023-02-21,6.88,0.19444444444444442,9,take_profit,closed
688068,2023-01-05,3.01400507636134,2023-01-06,60.7,0.1,2023-02-28,2023-03-01,55.14,-0.09159802306425047,33,stop_loss,closed
688800,2023-01-04,2.250365401550744,2023-01-05,106.04,0.1,2023-03-02,2023-03-03,97.03,-0.08496793662768776,36,stop_loss,closed
002785,2023-02-08,3.947406378515226,2023-02-09,24.46,0.022219119305414127,2023-03-02,2023-03-03,22.05,-0.09852820932134099,16,stop_loss,closed
300813,2023-01-06,3.743160645992728,2023-01-09,45.95,0.09792809004224197,2023-03-07,2023-03-08,41.8,-0.09031556039173028,37,stop_loss,closed
688170,2023-03-02,2.03973528656644,2023-03-03,54.74,0.00408371120168175,2023-03-14,2023-03-15,51.43,-0.06046766532700043,8,stop_loss,closed
300585,2023-02-28,3.561478625441426,2023-03-01,21.29,0.08216552270801517,2023-03-16,2023-03-17,19.41,-0.0883043682480037,12,stop_loss,closed
000995,2023-02-02,2.0903724925009755,2023-02-03,18.6,0.006258409919151632,2023-03-20,2023-03-21,17.18,-0.07634408602150544,32,stop_loss,closed
001308,2023-01-03,3.441983790371768,2023-01-04,35.0,0.1,2023-03-21,2023-03-22,40.79,0.16542857142857148,50,take_profit,closed
003031,2023-03-02,2.090189371551471,2023-03-03,95.95,0.1,2023-04-03,2023-04-04,85.8,-0.10578426263679008,22,stop_loss,closed
300316,2023-01-05,2.0017699903163977,2023-01-06,62.06,0.1,2023-04-14,2023-04-17,74.98,0.20818562681276176,65,take_profit,closed
002959,2023-02-17,2.101415212503165,2023-02-20,67.86,0.015527217773801873,2023-04-18,2023-04-19,83.8,0.23489537282640738,41,take_profit,closed
300093,2023-03-14,2.029718088604895,2023-03-15,38.0,0.003916265787002089,2023-04-19,2023-04-20,33.88,-0.10842105263157886,25,stop_loss,closed
002382,2023-02-20,2.523936989102616,2023-02-21,8.33,0.1,2023-04-20,2023-04-21,7.65,-0.08163265306122447,42,stop_loss,closed
002979,2023-03-16,3.27498182916529,2023-03-17,22.33,0.0785739391467226,2023-04-21,2023-04-24,20.4,-0.08643081056874158,25,stop_loss,closed
300782,2023-02-20,2.1075019904210888,2023-02-21,121.7,0.015467196758118473,2023-04-24,2023-04-25,106.0,-0.12900575184880858,44,stop_loss,closed
002475,2023-01-04,3.496822475480332,2023-01-05,29.06,0.1,2023-04-25,2023-04-26,26.05,-0.1035788024776324,73,stop_loss,closed
600873,2023-03-07,2.402482991828379,2023-03-08,10.05,0.08326906046727334,2023-04-25,2023-04-26,9.2,-0.08457711442786087,34,stop_loss,closed
603025,2023-03-21,3.800600848181369,2023-03-22,15.82,0.1,2023-04-25,2023-04-26,14.3,-0.09608091024020227,24,stop_loss,closed
600521,2023-04-17,2.2451251951751465,2023-04-18,20.63,0.010398907315351466,2023-04-25,2023-04-26,18.6,-0.09840038778477933,6,stop_loss,closed
688289,2023-01-03,2.002743151088822,2023-01-04,22.25,0.1,2023-04-26,2023-04-27,18.83,-0.1537078651685394,75,stop_loss,closed
688711,2023-02-17,2.689036383303369,2023-02-20,80.67,0.1,2023-04-26,2023-04-27,73.71,-0.08627742655262194,47,stop_loss,closed
600685,2023-04-03,2.156471603630868,2023-04-04,24.45,0.08955614375164149,2023-04-27,2023-04-28,27.9,0.14110429447852768,17,take_profit,closed
300986,2023-04-20,2.7867074917007355,2023-04-21,35.07,0.09692484541884457,2023-05-04,2023-05-05,32.24,-0.08069575135443396,7,stop_loss,closed
300773,2023-04-21,2.6568491306372253,2023-04-24,15.56,0.07140367602103523,2023-05-04,2023-05-05,18.24,0.17223650385604095,6,take_profit,closed
605399,2023-04-19,3.21732876279226,2023-04-20,28.0,0.003439319178552721,2023-05-05,2023-05-08,25.32,-0.09571428571428575,9,stop_loss,closed
000676,2023-04-27,2.1499586918923184,2023-04-28,5.93,0.1,2023-05-05,2023-05-08,6.78,0.14333895446880285,3,take_profit,closed
300249,2023-04-25,2.0634625811839813,2023-04-26,10.84,0.1,2023-05-09,2023-05-10,9.91,-0.08579335793357934,7,stop_loss,closed
301312,2023-04-26,2.7753541832998168,2023-04-27,102.0,0.1,2023-05-09,2023-05-10,125.6,0.2313725490196077,6,take_profit,closed
605358,2023-04-26,2.203864875892852,2023-04-27,45.0,0.08155229607802238,2023-05-09,2023-05-10,41.01,-0.08866666666666667,6,stop_loss,closed
002459,2023-04-28,2.880579726939763,2023-05-04,39.5,0.006218660732801236,2023-05-10,2023-05-11,35.92,-0.09063291139240504,5,stop_loss,closed
688621,2023-05-10,2.27406075009022,2023-05-11,85.27,0.00570868974267909,2023-05-12,2023-05-15,60.36,-0.29213087838630236,2,stop_loss,closed
300459,2023-05-12,2.8442308280310726,2023-05-15,6.83,0.004108368800058871,2023-05-23,2023-05-24,6.16,-0.0980966325036603,7,stop_loss,closed
000656,2023-05-23,2.936736848595962,2023-05-24,1.01,0.0035893778886861003,2023-05-25,2023-05-26,0.77,-0.2376237623762376,2,stop_loss,closed
600389,2023-04-18,2.570087268012662,2023-04-19,34.9,0.01967987653583605,2023-05-26,2023-05-29,31.4,-0.10028653295128942,25,stop_loss,closed
688185,2023-04-25,2.127916048980001,2023-04-26,99.0,0.1,2023-05-29,2023-05-30,90.8,-0.0828282828282828,21,stop_loss,closed
603236,2023-05-09,2.5911549985606404,2023-05-10,73.26,0.1,2023-06-02,2023-06-05,87.75,0.1977886977886978,18,take_profit,closed
603185,2023-05-09,2.007327493184293,2023-05-10,81.77,0.08373430051454132,2023-06-05,2023-06-06,75.58,-0.07570013452366386,19,stop_loss,closed
002126,2023-05-09,2.178463299345364,2023-05-10,12.5,0.1,2023-06-06,2023-06-07,14.7,0.17599999999999993,20,take_profit,closed
000661,2023-03-21,2.522221405395985,2023-03-22,170.0,0.014905264760987505,2023-06-07,2023-06-08,139.13,-0.18158823529411772,52,stop_loss,closed
300681,2023-05-26,2.931375941733582,2023-05-29,19.98,0.01811600555917125,2023-06-08,2023-06-09,18.01,-0.09859859859859854,9,stop_loss,closed
603233,2023-06-02,2.508265076806239,2023-06-05,32.56,0.1,2023-06-09,2023-06-12,26.78,-0.1775184275184275,5,stop_loss,closed
601615,2023-05-05,2.224546277987991,2023-05-08,17.93,0.016567671937768674,2023-06-14,2023-06-15,16.4,-0.08533184606804245,28,stop_loss,closed
600026,2023-06-05,2.333646611056407,2023-06-06,11.19,0.07433575347362995,2023-06-14,2023-06-15,13.16,0.17605004468275243,7,take_profit,closed
003009,2023-04-14,2.087331775450086,2023-04-17,47.48,0.1,2023-06-26,2023-06-27,54.5,0.14785172704296556,46,take_profit,closed
600256,2023-05-29,2.9648859863244725,2023-05-30,7.45,0.08928090094350315,2023-06-29,2023-06-30,6.61,-0.11275167785234896,21,stop_loss,closed
688315,2023-06-15,2.4349567401686283,2023-06-16,28.05,0.0031707029225039054,2023-07-05,2023-07-06,25.74,-0.08235294117647063,12,stop_loss,closed
688506,2023-06-06,2.7403133615358897,2023-06-07,76.23,0.1,2023-07-07,2023-07-10,84.61,0.10993047356683716,21,take_profit,closed
002652,2023-04-24,2.5938849442961325,2023-04-25,2.39,0.01455157077211447,2023-07-11,2023-07-12,2.75,0.15062761506276146,51,take_profit,closed
601949,2023-06-26,2.5311045837007464,2023-06-27,11.62,0.1,2023-07-12,2023-07-13,10.59,-0.08864027538726327,12,stop_loss,closed
002829,2023-07-07,3.52579216963155,2023-07-10,36.2,0.1,2023-07-20,2023-07-21,32.39,-0.1052486187845304,9,stop_loss,closed
301071,2023-06-09,4.211640503939628,2023-06-12,42.85,0.08248001359661493,2023-07-24,2023-07-25,39.0,-0.08984830805134192,29,stop_loss,closed
002791,2023-07-07,3.118839876461409,2023-07-10,52.74,0.009254220285377042,2023-07-25,2023-07-26,60.8,0.1528251801289342,12,take_profit,closed
688700,2023-07-25,2.316533483831996,2023-07-26,71.89,0.01085130574318342,2023-07-26,2023-07-27,65.03,-0.0954235637779941,1,stop_loss,closed
300358,2023-04-25,2.019874651969157,2023-04-26,14.86,0.07177857984147745,2023-08-02,2023-08-03,13.51,-0.09084791386271873,66,stop_loss,closed
300558,2023-06-07,3.353245136079206,2023-06-08,50.45,0.011982643187328888,2023-08-07,2023-08-08,43.96,-0.12864222001982162,41,stop_loss,closed
688135,2023-07-12,3.2268707470872564,2023-07-13,22.05,0.08847169662279224,2023-08-07,2023-08-08,20.08,-0.08934240362811807,18,stop_loss,closed
300573,2023-07-24,2.3032390288675773,2023-07-25,187.0,0.07609578363396823,2023-08-07,2023-08-08,171.12,-0.08491978609625661,10,stop_loss,closed
688626,2023-08-07,3.3073506575049603,2023-08-08,42.6,0.1,2023-08-10,2023-08-11,39.97,-0.06173708920187804,3,stop_loss,closed
688256,2023-07-20,2.825557317818713,2023-07-21,172.76,0.09135956548292441,2023-08-11,2023-08-14,156.86,-0.09203519333178967,16,stop_loss,closed
002967,2023-07-05,4.348306692447006,2023-07-06,17.05,0.0028872289634678788,2023-08-15,2023-08-16,15.5,-0.09090909090909094,29,stop_loss,closed
300595,2023-08-07,2.994144117579247,2023-08-08,29.5,0.06507456541558453,2023-08-18,2023-08-21,27.01,-0.08440677966101695,9,stop_loss,closed
600089,2023-07-26,2.395229398645016,2023-07-27,16.26,0.00992402783682431,2023-08-21,2023-08-22,14.78,-0.09102091020910219,18,stop_loss,closed
300673,2023-05-04,2.219490055421704,2023-05-05,13.95,0.07204402700690722,2023-08-22,2023-08-23,12.63,-0.09462365591397837,76,stop_loss,closed
300982,2023-08-11,2.4802585982071776,2023-08-14,44.02,0.0873585627406471,2023-08-23,2023-08-24,40.45,-0.0810995002271695,8,stop_loss,closed
688360,2023-05-25,2.176946442771423,2023-05-26,20.2,0.002761507728058477,2023-08-25,2023-08-28,19.72,-0.023762376237623783,64,stop_loss,closed
301219,2023-06-08,3.659019923451095,2023-06-09,38.0,0.01628200604635863,2023-08-25,2023-08-28,37.09,-0.023947368421052495,54,stop_loss,closed
600570,2023-07-11,3.131082717446896,2023-07-12,37.5,0.015914615912530673,2023-08-25,2023-08-28,37.58,0.0021333333333333204,33,stop_loss,closed
002655,2023-08-10,3.4218724140683774,2023-08-11,11.97,0.09503970215941071,2023-08-25,2023-08-28,11.3,-0.05597326649958223,11,stop_loss,closed
688202,2023-08-25,2.849884544383237,2023-08-28,81.6,0.1,2023-08-28,2023-08-29,71.28,-0.126470588235294,1,stop_loss,closed
300848,2023-06-14,3.575405735879853,2023-06-15,20.09,0.1,2023-09-11,2023-09-12,23.18,0.15380786460925844,61,take_profit,closed
002847,2023-06-06,2.2728498460779245,2023-06-07,80.0,0.014003519948526659,2023-09-14,2023-09-15,73.13,-0.08587500000000003,70,stop_loss,closed
300308,2023-08-28,2.741673735578873,2023-08-29,113.0,0.09161855544371429,2023-09-14,2023-09-15,103.39,-0.08504424778761066,13,stop_loss,closed
002033,2023-05-04,3.1076540906190933,2023-05-05,10.43,0.1,2023-09-20,2023-09-21,9.32,-0.1064237775647171,97,stop_loss,closed
002352,2023-06-29,3.0806763535671795,2023-06-30,44.33,0.07757545370718419,2023-09-21,2023-09-22,40.16,-0.09406722309948123,60,stop_loss,closed
688099,2023-09-11,2.212722427997317,2023-09-12,71.15,0.025270249082690627,2023-09-25,2023-09-26,64.53,-0.09304286718200994,10,stop_loss,closed
000963,2023-08-21,2.577096242825729,2023-08-22,36.9,0.009774383517139537,2023-09-27,2023-09-28,42.47,0.15094850948509486,27,take_profit,closed
603998,2023-08-02,2.8176816287029856,2023-08-03,9.31,0.06290127554481423,2023-09-28,2023-10-09,11.04,0.1858216970998925,41,take_profit,closed
600610,2023-09-25,3.0898384035059867,2023-09-26,10.35,0.023371257268260365,2023-09-28,2023-10-09,9.25,-0.10628019323671489,3,stop_loss,closed
002918,2023-09-11,2.224193513620293,2023-09-12,18.0,0.1,2023-10-09,2023-10-10,16.55,-0.08055555555555549,14,stop_loss,closed
002036,2023-09-21,2.200652823302379,2023-09-22,9.13,0.07943598432799562,2023-10-11,2023-10-12,10.81,0.18400876232201524,8,take_profit,closed
000733,2023-10-11,2.889046741873128,2023-10-12,72.8,0.08973085265947868,2023-10-17,2023-10-18,66.59,-0.08530219780219772,4,stop_loss,closed
300999,2023-08-15,3.1167998280402327,2023-08-16,35.9,0.0028395588068579236,2023-10-18,2023-10-19,32.58,-0.09247910863509745,40,stop_loss,closed
300206,2023-08-23,2.987208546821134,2023-08-24,11.13,0.08504797356523887,2023-10-18,2023-10-19,10.1,-0.09254267744833788,34,stop_loss,closed
600612,2023-06-02,2.431578624186648,2023-06-05,62.28,0.015199341222834463,2023-10-19,2023-10-20,57.0,-0.08477842003853564,91,stop_loss,closed
601888,2023-10-09,3.457340436292884,2023-10-10,101.0,0.1,2023-10-19,2023-10-20,92.19,-0.0872277227722773,8,stop_loss,closed
002829,2023-08-18,3.3068526708535195,2023-08-21,28.59,0.06356345682348404,2023-10-20,2023-10-23,25.38,-0.11227701993704098,39,stop_loss,closed
002777,2023-09-20,4.523498614770276,2023-09-21,26.46,3.321609953024906e-05,2023-10-20,2023-10-23,23.99,-0.09334845049130769,16,stop_loss,closed
300036,2023-09-27,2.3480605076556684,2023-09-28,19.98,0.011249925073660455,2023-10-23,2023-10-24,18.5,-0.07407407407407407,12,stop_loss,closed
600303,2023-10-09,2.921289865827534,2023-10-10,4.69,0.09266740135296488,2023-10-23,2023-10-24,4.23,-0.09808102345415781,10,stop_loss,closed
300503,2023-09-20,5.236908291238507,2023-09-21,15.68,0.1,2023-10-27,2023-10-30,14.31,-0.08737244897959184,21,stop_loss,closed
002723,2023-10-23,3.272647565841134,2023-10-24,8.83,0.0019410512614562504,2023-10-27,2023-10-30,10.32,0.16874292185730466,4,take_profit,closed
601012,2023-08-22,2.4929037257574262,2023-08-23,25.55,0.0714691493213737,2023-11-01,2023-11-02,23.25,-0.09001956947162426,45,stop_loss,closed
000829,2023-06-26,2.2779205129910745,2023-06-27,8.4,0.01803543622163462,2023-11-07,2023-11-08,11.0,0.30952380952380953,90,take_profit,closed
000977,2023-10-18,2.642004124331267,2023-10-19,30.0,0.08138257216081887,2023-11-09,2023-11-10,34.1,0.13666666666666671,16,take_profit,closed
600919,2023-02-02,2.767185378486853,2023-02-03,7.4,0.1,2023-11-10,2023-11-13,6.76,-0.0864864864864866,189,stop_loss,closed
300982,2023-10-19,2.681867038316645,2023-10-20,29.8,0.013181754590741921,2023-11-13,2023-11-14,34.77,0.16677852348993305,17,take_profit,closed
300548,2023-10-23,3.8344550056681954,2023-10-24,23.98,0.1,2023-11-13,2023-11-14,27.73,0.1563803169307756,15,take_profit,closed
301215,2023-10-20,2.940314262429447,2023-10-23,5.59,0.06043082506873265,2023-11-20,2023-11-21,6.53,0.16815742397137745,21,take_profit,closed
300645,2023-11-10,2.741483268685609,2023-11-13,17.95,0.005163009235150111,2023-11-21,2023-11-22,20.45,0.139275766016713,7,take_profit,closed
688005,2023-11-13,2.1388113430685456,2023-11-14,43.89,0.02571714945022446,2023-11-27,2023-11-28,39.26,-0.10549100022784241,10,stop_loss,closed
300751,2023-09-14,4.74036826212568,2023-09-15,120.46,0.09617221791123055,2023-11-28,2023-11-29,109.3,-0.09264486136476835,47,stop_loss,closed
002927,2023-08-25,2.632406500803993,2023-08-28,12.5,0.030993549608253367,2023-11-29,2023-11-30,17.06,0.3647999999999998,62,take_profit,closed
300750,2023-11-20,2.9937268100724204,2023-11-21,182.0,0.06759200040659051,2023-11-29,2023-11-30,165.22,-0.09219780219780216,7,stop_loss,closed
300199,2023-11-10,3.794256335467341,2023-11-13,15.52,0.1,2023-11-30,2023-12-01,14.07,-0.09342783505154639,14,stop_loss,closed
603719,2023-11-27,2.194005630545804,2023-11-28,19.67,0.02322653582461691,2023-12-04,2023-12-05,22.88,0.16319267920691383,5,take_profit,closed
000651,2023-05-05,2.397783636118596,2023-05-08,35.3,0.1,2023-12-05,2023-12-06,32.43,-0.08130311614730867,144,stop_loss,closed
601318,2023-11-09,3.024093472973141,2023-11-10,42.9,0.09171742922648869,2023-12-07,2023-12-08,39.25,-0.08508158508158503,20,stop_loss,closed
601888,2023-11-29,2.691096872411008,2023-11-30,89.66,0.00848190538953031,2023-12-08,2023-12-11,81.6,-0.08989515949141202,7,stop_loss,closed
600690,2023-11-01,3.0589428782853405,2023-11-02,22.4,0.06890494849884228,2023-12-13,2023-12-14,20.26,-0.09553571428571417,30,stop_loss,closed
603383,2023-10-27,2.9123760204852367,2023-10-30,57.1,0.09586937070390274,2023-12-15,2023-12-18,51.01,-0.10665499124343258,35,stop_loss,closed
002534,2023-11-07,2.12955938867326,2023-11-08,13.05,0.026560910117037574,2023-12-18,2023-12-19,11.8,-0.09578544061302685,29,stop_loss,closed
688073,2023-12-04,2.5152769252953666,2023-12-05,58.5,0.027298869767888898,2023-12-19,2023-12-20,53.68,-0.08239316239316241,11,stop_loss,closed
601615,2023-12-05,3.6854926879487833,2023-12-06,12.73,0.1,2023-12-20,2023-12-21,11.6,-0.08876669285153183,11,stop_loss,closed
603613,2023-11-28,3.08559568523129,2023-11-29,34.66,0.09037692152361194,2023-12-22,2023-12-25,29.02,-0.16272360069244074,18,stop_loss,closed
301115,2023-11-21,2.422457857676098,2023-11-22,18.93,0.005830995530956839,2023-12-25,2023-12-26,17.37,-0.08240887480190162,24,stop_loss,closed
301218,2023-11-30,2.9855605969628973,2023-12-01,33.15,0.09227179655568427,2023-12-26,2023-12-27,30.42,-0.08235294117647052,18,stop_loss,closed
603688,2023-12-18,2.750071187875486,2023-12-19,70.85,0.025355973637685613,2023-12-28,2023-12-29,87.02,0.22822865208186305,8,take_profit,closed
002244,2023-11-29,2.808837038174777,2023-11-30,7.75,0.1,2024-01-02,2024-01-03,6.98,-0.09935483870967732,23,stop_loss,closed
301267,2023-12-07,3.33757984611734,2023-12-08,33.0,0.08633578535212202,2024-01-05,2024-01-08,30.11,-0.08757575757575764,20,stop_loss,closed
000002,2023-12-05,3.5418159375576783,2023-12-06,10.79,0.005357344626513952,2024-01-08,2024-01-09,9.83,-0.08897126969416114,23,stop_loss,closed
000048,2023-10-17,3.35061602253428,2023-10-18,18.3,0.08494201669914694,2024-01-10,2024-01-11,16.63,-0.09125683060109302,60,stop_loss,closed
001270,2023-12-20,2.889842107213633,2023-12-21,61.5,0.09476178123630474,2024-01-10,2024-01-11,56.73,-0.07756097560975617,14,stop_loss,closed
000568,2023-12-15,3.1924332054200217,2023-12-18,171.0,0.08849062320720251,2024-01-17,2024-01-18,153.0,-0.10526315789473684,22,stop_loss,closed
002558,2023-12-26,3.6779072592608815,2023-12-27,11.12,0.09110431446683984,2024-01-17,2024-01-18,10.14,-0.0881294964028776,15,stop_loss,closed
600063,2023-10-19,2.7386777559288444,2023-10-20,4.36,0.1,2024-01-18,2024-01-19,3.98,-0.08715596330275233,64,stop_loss,closed
300254,2023-12-08,2.981843931687816,2023-12-11,9.71,0.007848287687733794,2024-01-19,2024-01-22,8.88,-0.08547888774459322,29,stop_loss,closed
300551,2023-12-28,6.319720428656733,2023-12-29,16.12,0.0312935044229446,2024-01-19,2024-01-22,14.98,-0.07071960297766755,15,stop_loss,closed
300143,2024-01-02,3.185470497379634,2024-01-03,10.05,0.09492115792685309,2024-01-22,2024-01-23,8.78,-0.12636815920398026,14,stop_loss,closed
603758,2024-01-10,2.852976684590511,2024-01-11,10.71,0.0774620458129088,2024-01-22,2024-01-23,9.3,-0.13165266106442575,8,stop_loss,closed
688281,2024-01-18,3.011593538920018,2024-01-19,113.66,0.1,2024-01-22,2024-01-23,101.37,-0.10812950906211505,2,stop_loss,closed
300308,2024-01-08,3.132498091113926,2024-01-09,101.78,0.005252451609383614,2024-01-25,2024-01-26,117.99,0.15926508154843777,13,take_profit,closed
601689,2024-01-17,2.8991400724225187,2024-01-18,57.9,0.07203543077376239,2024-01-25,2024-01-26,51.16,-0.11640759930915379,6,stop_loss,closed
300012,2024-01-18,2.400962894104872,2024-01-19,11.42,0.0016624274484768973,2024-01-25,2024-01-26,13.19,0.15499124343257442,5,take_profit,closed
000333,2023-11-13,2.356406895156632,2023-11-14,51.02,0.1,2024-01-29,2024-01-30,58.7,0.15052920423363392,54,take_profit,closed
002555,2023-12-25,3.875831199796637,2023-12-26,18.85,0.005861372175156866,2024-01-30,2024-01-31,16.9,-0.10344827586206906,25,stop_loss,closed
603536,2024-01-05,3.434817356458965,2024-01-08,13.11,0.08403187951574974,2024-01-30,2024-01-31,11.72,-0.10602593440122032,17,stop_loss,closed
603065,2024-01-19,2.879799718738612,2024-01-22,12.52,0.03909107913000994,2024-01-30,2024-01-31,11.3,-0.09744408945686889,7,stop_loss,closed
603306,2024-01-25,2.635501178749511,2024-01-26,21.32,0.07235810367551541,2024-01-30,2024-01-31,19.56,-0.0825515947467168,3,stop_loss,closed
688331,2024-01-22,2.6102830747303503,2024-01-23,43.82,0.1,2024-01-31,2024-02-01,37.84,-0.13646736649931535,7,stop_loss,closed
603158,2024-01-23,2.182850322485569,2024-01-24,7.93,0.055349625338598905,2024-01-31,2024-02-01,7.1,-0.10466582597730145,6,stop_loss,closed
688318,2024-01-10,3.1619999516537343,2024-01-11,112.0,0.1,2024-02-01,2024-02-02,102.9,-0.08124999999999993,16,stop_loss,closed
688565,2024-01-23,2.2725072193050537,2024-01-24,6.94,0.1,2024-02-01,2024-02-02,6.17,-0.1109510086455332,7,stop_loss,closed
301055,2024-01-30,2.636739123899016,2024-01-31,11.7,0.09800076703141929,2024-02-01,2024-02-02,10.58,-0.09572649572649572,2,stop_loss,closed
603890,2024-01-29,2.65907781515512,2024-01-30,8.1,0.1,2024-02-02,2024-02-05,7.07,-0.12716049382716044,4,stop_loss,closed
603259,2024-01-30,3.0965858433406703,2024-01-31,56.0,0.1,2024-02-02,2024-02-05,46.28,-0.1735714285714286,3,stop_loss,closed
603728,2024-01-29,2.6434335842169143,2024-01-30,38.83,0.037372020431868394,2024-02-05,2024-02-06,31.03,-0.20087561164048406,5,stop_loss,closed
603106,2024-01-31,3.0689312984175183,2024-02-01,5.34,0.1,2024-02-05,2024-02-06,4.38,-0.1797752808988764,3,stop_loss,closed
002735,2024-01-31,2.757055923097087,2024-02-01,8.87,0.04636991132492296,2024-02-05,2024-02-06,7.11,-0.19842164599774514,3,stop_loss,closed
300567,2024-02-01,3.1535964798780283,2024-02-02,52.75,0.1,2024-02-05,2024-02-06,47.58,-0.09800947867298582,2,stop_loss,closed
688182,2024-02-01,2.886192482815261,2024-02-02,11.98,0.1,2024-02-05,2024-02-06,9.25,-0.22787979966611016,2,stop_loss,closed
688368,2024-02-01,2.826029367481583,2024-02-02,70.24,0.0911508920406264,2024-02-05,2024-02-06,55.63,-0.20800113895216388,2,stop_loss,closed
300641,2024-02-02,2.6430628951527053,2024-02-05,3.8,0.1,2024-02-05,2024-02-06,3.13,-0.1763157894736842,1,stop_loss,closed
688651,2024-02-02,2.503045162899696,2024-02-05,29.45,0.0920507133193268,2024-02-05,2024-02-06,24.48,-0.16876061120543295,1,stop_loss,closed
600415,2023-12-22,3.1057318222996564,2023-12-25,6.98,0.08154286686085473,2024-02-07,2024-02-08,8.21,0.17621776504297992,32,take_profit,closed
300486,2024-02-05,2.704635205492369,2024-02-06,3.6,0.1,2024-02-07,2024-02-08,3.21,-0.10833333333333339,2,stop_loss,closed
300126,2024-02-05,2.1294469410043897,2024-02-06,3.93,0.1,2024-02-07,2024-02-08,3.5,-0.10941475826972014,2,stop_loss,closed
301192,2024-02-05,2.1288335359562502,2024-02-06,12.5,0.03833215243184385,2024-02-07,2024-02-08,10.97,-0.12239999999999995,2,stop_loss,closed
301099,2024-02-05,2.278749012139404,2024-02-06,27.35,0.1,2024-02-08,2024-02-19,31.5,0.1517367458866543,3,take_profit,closed
300499,2024-02-05,2.247894064880084,2024-02-06,7.5,0.1,2024-02-08,2024-02-19,8.95,0.19333333333333313,3,take_profit,closed
002517,2024-01-17,3.20529566325001,2024-01-18,9.96,0.1,2024-02-19,2024-02-20,11.56,0.1606425702811245,17,take_profit,closed
688176,2024-02-05,2.590251368359128,2024-02-06,4.8,0.1,2024-02-19,2024-02-20,5.81,0.2104166666666667,4,take_profit,closed
002177,2024-02-05,2.206055679204462,2024-02-06,2.74,0.1,2024-02-19,2024-02-20,3.15,0.14963503649635035,4,take_profit,closed
300335,2024-02-07,3.1923079564585963,2024-02-08,3.3,0.1,2024-02-19,2024-02-20,3.89,0.17878787878787894,2,take_profit,closed
300062,2024-02-07,2.830121643117645,2024-02-08,3.67,0.1,2024-02-19,2024-02-20,4.22,0.14986376021798353,2,take_profit,closed
300448,2024-02-07,2.60742321981245,2024-02-08,2.8,0.034594139676787226,2024-02-19,2024-02-20,3.38,0.20714285714285707,2,take_profit,closed
003001,2024-02-07,2.9786140385160103,2024-02-08,9.6,0.1,2024-02-20,2024-02-21,11.26,0.1729166666666666,3,take_profit,closed
603933,2024-02-08,3.1120023928661222,2024-02-19,8.78,0.005563287850171308,2024-02-20,2024-02-21,11.28,0.28473804100227795,2,take_profit,closed
688528,2024-02-08,3.416375470383896,2024-02-19,5.79,0.1,2024-02-22,2024-02-23,7.05,0.21761658031088071,4,take_profit,closed
002787,2024-02-08,3.191036466296077,2024-02-19,5.28,0.1,2024-02-22,2024-02-23,6.12,0.15909090909090895,4,take_profit,closed
002377,2024-02-20,2.49388218300288,2024-02-21,1.55,0.009294769549664494,2024-02-23,2024-02-26,1.86,0.19999999999999996,3,take_profit,closed
603320,2024-02-19,2.6710972662609107,2024-02-20,9.96,0.1,2024-02-26,2024-02-27,11.79,0.183734939759036,5,take_profit,closed
688616,2024-02-19,2.3317393796703545,2024-02-20,8.6,0.1,2024-02-26,2024-02-27,9.98,0.16046511627906979,5,take_profit,closed
003004,2024-02-19,2.927377541216443,2024-02-20,18.31,0.1,2024-02-27,2024-02-28,21.55,0.17695248498088478,6,take_profit,closed
002753,2024-02-19,2.6921077418035897,2024-02-20,5.45,0.1,2024-02-27,2024-02-28,6.32,0.15963302752293584,6,take_profit,closed
605018,2024-02-19,2.377635385225774,2024-02-20,7.52,0.1,2024-02-27,2024-02-28,8.99,0.19547872340425543,6,take_profit,closed
688601,2024-02-26,2.472833493149964,2024-02-27,44.42,0.1,2024-02-29,2024-03-01,51.47,0.1587122917604682,3,take_profit,closed
300203,2024-02-22,2.104829192313073,2024-02-23,12.38,0.1,2024-03-05,2024-03-06,14.18,0.1453957996768982,8,take_profit,closed
601865,2024-02-27,2.199423975843956,2024-02-28,21.17,0.1,2024-03-08,2024-03-11,28.07,0.3259329239489843,8,take_profit,closed
300750,2023-12-19,3.5199568831649177,2023-12-20,149.2,0.026104347267412082,2024-03-11,2024-03-12,183.34,0.22882037533512078,52,take_profit,closed
301273,2024-03-05,3.381538538302673,2024-03-06,16.94,0.005543092907587081,2024-03-14,2024-03-15,19.36,0.1428571428571428,7,take_profit,closed
000633,2024-02-19,2.1825566348486154,2024-02-20,4.96,0.07585934565746184,2024-03-15,2024-03-18,5.82,0.1733870967741935,19,take_profit,closed
688626,2024-02-22,2.6162524465281973,2024-02-23,42.66,0.1,2024-03-18,2024-03-19,48.82,0.14439756211908117,17,take_profit,closed
002594,2024-02-26,2.139637605678475,2024-02-27,187.45,0.007105818749274677,2024-03-18,2024-03-19,218.03,0.16313683648973076,15,take_profit,closed
300535,2024-03-05,3.749557818530139,2024-03-06,11.22,0.1,2024-03-18,2024-03-19,13.12,0.16934046345811038,9,take_profit,closed
000858,2023-12-14,3.727223683999968,2023-12-15,133.67,0.06287234078886911,2024-03-19,2024-03-20,156.88,0.17363656766664182,61,take_profit,closed
603616,2024-02-28,2.9187447561770616,2024-02-29,3.62,0.1,2024-03-20,2024-03-21,4.23,0.16850828729281786,15,take_profit,closed
002303,2024-02-20,2.8689580185588306,2024-02-21,2.73,0.1,2024-03-22,2024-03-25,3.2,0.17216117216117222,23,take_profit,closed
603259,2024-03-14,3.3094308919716235,2024-03-15,52.34,0.005856720191941829,2024-03-22,2024-03-25,49.3,-0.058081773022545025,6,stop_loss,closed
002952,2024-03-08,2.8072230310473416,2024-03-11,29.6,0.1,2024-03-27,2024-03-28,26.15,-0.11655405405405417,13,stop_loss,closed
002460,2024-03-19,2.44590397694982,2024-03-20,39.5,0.1,2024-03-27,2024-03-28,35.76,-0.09468354430379755,6,stop_loss,closed
300122,2024-03-19,2.222084487623681,2024-03-20,50.01,0.04133312326676137,2024-03-27,2024-03-28,45.17,-0.09678064387122565,6,stop_loss,closed
603980,2024-02-28,2.5907428720775894,2024-02-29,3.41,0.006749084600701025,2024-04-02,2024-04-03,3.99,0.1700879765395895,24,take_profit,closed
300105,2024-02-22,2.064030962233224,2024-02-23,5.53,0.014818782118364696,2024-04-12,2024-04-15,6.51,0.17721518987341756,34,take_profit,closed
688656,2024-03-11,2.699507474894265,2024-03-12,26.46,0.031103097230025887,2024-04-12,2024-04-15,24.29,-0.08201058201058209,22,stop_loss,closed
688566,2024-02-26,3.03241947315312,2024-02-27,25.26,0.1,2024-04-15,2024-04-16,22.91,-0.09303246239113228,33,stop_loss,closed
688386,2024-02-29,3.062212286289387,2024-03-01,31.44,0.1,2024-04-16,2024-04-17,29.22,-0.07061068702290085,31,stop_loss,closed
600720,2024-03-27,2.910023402868503,2024-03-28,9.13,0.022801568561934295,2024-04-16,2024-04-17,10.3,0.12814895947426064,12,take_profit,closed
603728,2024-04-02,2.6018721610760283,2024-04-03,54.37,0.006880037877266551,2024-04-16,2024-04-17,48.2,-0.11348169946661757,8,stop_loss,closed
688169,2024-02-27,2.8736786212322856,2024-02-28,325.0,0.1,2024-04-17,2024-04-18,371.2,0.14215384615384608,34,take_profit,closed
600420,2024-03-19,2.642387306290772,2024-03-20,9.06,0.1,2024-04-19,2024-04-22,10.51,0.1600441501103751,21,take_profit,closed
001215,2024-04-12,2.318457321206536,2024-04-15,37.95,0.043027551201479296,2024-04-19,2024-04-22,34.67,-0.08642951251646902,5,stop_loss,closed
000692,2024-04-19,2.875815350933859,2024-04-22,1.88,0.05403798470986462,2024-04-23,2024-04-24,2.28,0.21276595744680837,2,take_profit,closed
600620,2024-04-16,2.631923857973745,2024-04-17,4.63,0.01806687943323817,2024-04-25,2024-04-26,5.43,0.17278617710583144,7,take_profit,closed
002253,2024-04-17,3.4654974632259155,2024-04-18,9.5,0.1,2024-04-25,2024-04-26,12.32,0.296842105263158,6,take_profit,closed
300990,2024-04-16,2.6612986706634083,2024-04-17,27.42,0.1,2024-04-29,2024-04-30,31.88,0.16265499635302683,9,take_profit,closed
002072,2024-04-19,3.1438062675821805,2024-04-22,3.3,0.1,2024-04-29,2024-04-30,4.02,0.21818181818181803,6,take_profit,closed
002399,2024-02-23,2.4801987692876057,2024-02-26,8.77,0.009994745111157565,2024-04-30,2024-05-06,10.71,0.22120866590649957,45,take_profit,closed
600660,2024-03-18,2.4414195653467448,2024-03-19,43.09,0.1,2024-04-30,2024-05-06,49.9,0.15804130888837298,29,take_profit,closed
603286,2024-04-15,3.4669767514600567,2024-04-16,16.69,0.07946762357687949,2024-05-06,2024-05-07,19.42,0.1635710005991613,12,take_profit,closed
000739,2024-03-08,2.420541671084344,2024-03-11,13.22,0.027421123672271768,2024-05-08,2024-05-09,15.28,0.15582450832072614,38,take_profit,closed
002742,2024-05-08,3.4658041763884464,2024-05-09,2.12,0.02607983120583725,2024-05-10,2024-05-13,1.84,-0.13207547169811318,2,stop_loss,closed
600062,2024-03-22,2.766313281119692,2024-03-25,20.63,0.0970471158264261,2024-05-13,2024-05-14,23.81,0.15414444983034414,31,take_profit,closed
002354,2024-04-30,2.497013457059875,2024-05-06,4.38,0.012930340299809903,2024-05-13,2024-05-14,3.38,-0.228310502283105,6,stop_loss,closed
002469,2024-02-29,2.834534036416886,2024-03-01,5.28,0.011632000425476165,2024-05-14,2024-05-15,6.05,0.14583333333333326,48,take_profit,closed
300163,2024-05-10,4.527509010157412,2024-05-13,1.3,0.02260067873595779,2024-05-15,2024-05-16,1.49,0.14615384615384608,3,take_profit,closed
002197,2024-05-15,2.84088957524407,2024-05-16,5.54,0.02580840203576261,2024-05-20,2024-05-21,4.67,-0.15703971119133575,3,stop_loss,closed
002729,2024-04-29,2.317532532898793,2024-04-30,12.56,0.1,2024-05-21,2024-05-22,11.44,-0.08917197452229308,13,stop_loss,closed
301387,2024-04-23,3.2334258480505107,2024-04-24,38.93,0.06566829492265686,2024-05-22,2024-05-23,43.99,0.12997688158232723,18,take_profit,closed
300410,2024-05-13,2.8073502727662696,2024-05-14,5.55,0.1,2024-05-23,2024-05-24,7.06,0.27207207207207196,8,take_profit,closed
600258,2024-04-29,2.438842598196081,2024-04-30,15.53,0.1,2024-05-28,2024-05-29,14.25,-0.08242112041210559,18,stop_loss,closed
002094,2024-05-13,2.527786504816261,2024-05-14,2.49,0.007291535563022464,2024-05-29,2024-05-30,2.29,-0.08032128514056236,12,stop_loss,closed
000070,2024-05-23,4.101297586568462,2024-05-24,4.97,0.1,2024-05-29,2024-05-30,4.42,-0.11066398390342047,4,stop_loss,closed
000506,2024-05-28,4.77637765896229,2024-05-29,1.92,0.08945352363204602,2024-05-31,2024-06-03,1.64,-0.14583333333333337,3,stop_loss,closed
002241,2024-04-25,2.3384318875553936,2024-04-26,15.1,0.1,2024-06-03,2024-06-04,17.32,0.147019867549669,24,take_profit,closed
300983,2024-05-22,3.822822095802639,2024-05-23,18.41,0.0647598869932469,2024-06-03,2024-06-04,16.9,-0.08202064095600226,8,stop_loss,closed
601126,2024-03-20,2.641138410283615,2024-03-21,15.87,0.09791342920754048,2024-06-04,2024-06-05,18.57,0.170132325141777,49,take_profit,closed
002114,2024-04-17,2.7594534774473365,2024-04-18,5.02,0.0025788523786601466,2024-06-05,2024-06-06,4.42,-0.1195219123505975,32,stop_loss,closed
688395,2024-04-25,2.188250518819764,2024-04-26,15.57,0.039946214224773985,2024-06-05,2024-06-06,14.13,-0.09248554913294793,26,stop_loss,closed
603031,2024-05-21,3.637988348701484,2024-05-22,28.55,0.08854178473999647,2024-06-05,2024-06-06,25.7,-0.09982486865148865,11,stop_loss,closed
603520,2024-05-23,2.403816593167292,2024-05-24,11.45,0.02515261402148438,2024-06-05,2024-06-06,10.49,-0.08384279475982526,9,stop_loss,closed
601929,2024-05-29,2.775383043626433,2024-05-30,0.98,0.09709579550958725,2024-06-05,2024-06-06,1.1,0.12244897959183687,5,take_profit,closed
300163,2024-06-03,2.6869111429879124,2024-06-04,1.07,0.07189610912746959,2024-06-05,2024-06-06,1.21,0.1308411214953269,2,take_profit,closed
003010,2024-04-29,2.037864326956976,2024-04-30,16.33,0.011607459406519902,2024-06-06,2024-06-07,15.27,-0.06491120636864656,25,stop_loss,closed
002633,2024-04-30,3.1258708323978457,2024-05-06,6.62,0.1,2024-06-06,2024-06-07,5.91,-0.107250755287009,24,stop_loss,closed
301096,2024-05-14,2.670060593943372,2024-05-15,65.82,0.010428475141075252,2024-06-06,2024-06-07,60.55,-0.08006684898207228,17,stop_loss,closed
002535,2024-05-20,3.419532829379082,2024-05-21,3.27,0.021575188676346557,2024-06-06,2024-06-07,2.91,-0.11009174311926606,13,stop_loss,closed
002607,2024-06-03,2.871035249123966,2024-06-04,1.91,0.1,2024-06-07,2024-06-11,1.69,-0.11518324607329844,4,stop_loss,closed
301578,2024-06-05,2.629546825132727,2024-06-06,35.49,0.036079173611988605,2024-06-13,2024-06-14,44.76,0.2612003381234149,5,take_profit,closed
688569,2024-03-27,3.5996364126431235,2024-03-28,23.19,0.1,2024-06-21,2024-06-24,20.77,-0.10435532557136706,56,stop_loss,closed
301063,2024-06-04,3.408043681240592,2024-06-05,14.81,0.1,2024-06-24,2024-06-25,13.53,-0.08642808912896693,13,stop_loss,closed
301331,2024-06-13,3.571514759225724,2024-06-14,24.25,0.04470033780544986,2024-06-24,2024-06-25,22.4,-0.0762886597938145,7,stop_loss,closed
600438,2024-05-06,2.8133905535045693,2024-05-07,22.03,0.07946215266128037,2024-06-25,2024-06-26,19.68,-0.10667271901951891,35,stop_loss,closed
688050,2024-06-05,3.940396351120388,2024-06-06,79.5,0.1,2024-06-25,2024-06-26,73.95,-0.06981132075471697,13,stop_loss,closed
603879,2024-06-06,2.5252701148841963,2024-06-07,2.11,0.0325208861187499,2024-06-27,2024-06-28,1.92,-0.09004739336492884,14,stop_loss,closed
002269,2024-06-07,3.3375079688904066,2024-06-11,1.11,0.08993875698855266,2024-06-27,2024-06-28,1.02,-0.08108108108108114,13,stop_loss,closed
000908,2024-06-25,3.2396598009497986,2024-06-26,0.88,0.07432116178441023,2024-06-28,2024-07-01,0.76,-0.13636363636363635,3,stop_loss,closed
600881,2024-06-27,4.501306114614392,2024-06-28,0.78,0.1,2024-07-01,2024-07-02,1.03,0.3205128205128205,2,take_profit,closed
002289,2024-06-24,2.9019508711106106,2024-06-25,2.81,0.040273995656214825,2024-07-10,2024-07-11,2.59,-0.0782918149466193,12,stop_loss,closed
601127,2024-06-27,3.6000611458115004,2024-06-28,84.88,0.015661042859968357,2024-07-15,2024-07-16,78.5,-0.07516493873704044,12,stop_loss,closed
688058,2024-06-25,4.403565909131973,2024-06-26,20.64,0.1,2024-07-18,2024-07-19,18.97,-0.08091085271317833,17,stop_loss,closed
300269,2024-06-05,3.840971592266463,2024-06-06,2.51,0.1,2024-07-19,2024-07-22,2.3,-0.08366533864541836,31,stop_loss,closed
000506,2024-06-28,3.9772135291671855,2024-07-01,0.98,0.06253496771595542,2024-07-19,2024-07-22,1.22,0.24489795918367352,15,take_profit,closed
605111,2024-07-01,2.956652834688785,2024-07-02,29.44,0.1,2024-07-19,2024-07-22,35.4,0.20244565217391286,14,take_profit,closed
603348,2024-07-15,3.7830407616460735,2024-07-16,25.25,0.014204684022926566,2024-07-24,2024-07-25,22.34,-0.11524752475247524,7,stop_loss,closed
300308,2024-07-18,2.322006833508035,2024-07-19,137.2,0.08952304922369016,2024-07-25,2024-07-26,122.71,-0.10561224489795917,5,stop_loss,closed
605555,2024-07-19,2.642803352006469,2024-07-22,17.34,0.1,2024-07-25,2024-07-26,16.07,-0.07324106113033446,4,stop_loss,closed
001230,2024-06-06,2.964389016853464,2024-06-07,13.51,0.1,2024-07-29,2024-07-30,15.5,0.1472982975573649,36,take_profit,closed
000981,2024-07-24,4.02217632385735,2024-07-25,0.81,0.012691234472342487,2024-07-29,2024-07-30,1.05,0.2962962962962963,3,take_profit,closed
688257,2024-06-21,2.989563502277287,2024-06-24,15.18,0.07758431445855765,2024-08-20,2024-08-21,13.75,-0.09420289855072461,42,stop_loss,closed
301160,2024-07-19,2.490906155798501,2024-07-22,34.27,0.1,2024-08-23,2024-08-26,31.68,-0.07557630580682817,25,stop_loss,closed
300979,2024-07-19,2.298560458997107,2024-07-22,57.05,0.08802710368320996,2024-08-27,2024-08-28,65.2,0.14285714285714302,27,take_profit,closed
000568,2024-07-30,3.05944802719379,2024-07-31,125.29,0.03125939605381696,2024-08-28,2024-08-29,112.71,-0.10040705563093633,21,stop_loss,closed
300321,2024-07-25,2.322366412615392,2024-07-26,14.8,0.07599360820064083,2024-09-12,2024-09-13,13.78,-0.06891891891891899,35,stop_loss,closed
301421,2024-08-23,3.0180419502801006,2024-08-26,32.54,0.09384284031516521,2024-09-13,2024-09-18,31.95,-0.018131530424093434,15,stop_loss,closed
600545,2024-07-01,2.690715196985397,2024-07-02,1.35,0.027864391362024038,2024-09-25,2024-09-26,1.55,0.14814814814814814,60,take_profit,closed
300314,2024-08-20,3.0980107698880066,2024-08-21,9.53,0.07041862990730133,2024-09-25,2024-09-26,10.8,0.1332633788037776,24,take_profit,closed
603360,2024-06-04,3.347746327327921,2024-06-05,11.76,0.0038901103088337476,2024-09-26,2024-09-27,14.1,0.19897959183673475,79,take_profit,closed
002352,2024-03-27,3.0441450857551104,2024-03-28,36.11,0.1,2024-09-27,2024-09-30,43.84,0.21406812517308227,124,take_profit,closed
002663,2024-07-29,2.0181900284638745,2024-07-30,1.31,0.1,2024-09-27,2024-09-30,1.6,0.22137404580152675,42,take_profit,closed
002766,2024-08-27,2.823512223930553,2024-08-28,4.16,0.1,2024-09-27,2024-09-30,5.1,0.22596153846153832,21,take_profit,closed
603496,2024-08-28,2.647530092444616,2024-08-29,19.9,0.02864691381781044,2024-09-27,2024-09-30,25.2,0.26633165829145744,20,take_profit,closed
300563,2024-09-12,2.79208100710556,2024-09-13,27.16,0.0700817127467558,2024-09-27,2024-09-30,32.8,0.20765832106038284,9,take_profit,closed
600031,2024-05-31,2.354020205642076,2024-06-03,16.18,0.07643711983092608,2024-09-30,2024-10-08,20.76,0.2830655129789865,83,take_profit,closed
300632,2024-06-05,2.7177436399080857,2024-06-06,9.34,0.1,2024-09-30,2024-10-08,13.6,0.45610278372590995,80,take_profit,closed
688557,2024-07-10,3.9935304750121663,2024-07-11,15.19,0.036548242576835414,2024-09-30,2024-10-08,21.38,0.4075049374588544,56,take_profit,closed
688339,2024-07-25,2.412345154339045,2024-07-26,19.73,0.1,2024-09-30,2024-10-08,30.81,0.5615813482007095,45,take_profit,closed
300644,2024-08-27,2.405090387766908,2024-08-28,16.12,0.003637870142513905,2024-09-30,2024-10-08,24.62,0.5272952853598014,22,take_profit,closed
600733,2024-09-13,2.287209891814054,2024-09-18,6.57,0.09307138441135777,2024-09-30,2024-10-08,8.88,0.3515981735159819,9,take_profit,closed
001308,2024-09-25,2.511500173322802,2024-09-26,18.63,0.1,2024-09-30,2024-10-08,24.44,0.3118625872249061,3,take_profit,closed
001306,2024-09-25,2.072976878177391,2024-09-26,42.31,0.00706977372586832,2024-09-30,2024-10-08,57.12,0.35003545261167557,3,take_profit,closed
688072,2024-09-26,2.4639417422976617,2024-09-27,113.5,0.004357444142257632,2024-09-30,2024-10-08,172.8,0.522466960352423,2,take_profit,closed
603137,2024-06-24,3.486713160446586,2024-06-25,9.82,0.1,2024-10-08,2024-10-09,11.23,0.14358452138492872,69,take_profit,closed
300562,2024-09-27,2.134090972743983,2024-09-30,12.52,0.1,2024-10-08,2024-10-09,14.8,0.1821086261980831,2,take_profit,closed
600795,2024-09-30,2.665447503071753,2024-10-08,6.0,0.1,2024-10-08,2024-10-09,5.35,-0.10833333333333339,1,stop_loss,closed
600674,2024-09-30,2.580956566859584,2024-10-08,20.2,0.1,2024-10-08,2024-10-09,18.04,-0.10693069306930691,1,stop_loss,closed
600941,2024-09-30,2.67278527909523,2024-10-08,118.01,0.1,2024-10-09,2024-10-10,106.62,-0.09651724430133035,2,stop_loss,closed
603488,2024-09-30,2.399320589104022,2024-10-08,9.14,0.1,2024-10-09,2024-10-10,8.15,-0.10831509846827136,2,stop_loss,closed
605188,2024-10-08,2.1450168519508,2024-10-09,7.37,0.1,2024-10-09,2024-10-10,6.76,-0.08276797829036642,1,stop_loss,closed
000719,2024-10-09,2.243395153125725,2024-10-10,11.78,0.1,2024-10-31,2024-11-01,10.72,-0.08998302207130715,16,stop_loss,closed
000545,2024-10-10,2.046601089314568,2024-10-11,2.2,0.006411880385181878,2024-11-01,2024-11-04,2.97,0.3500000000000001,16,take_profit,closed
600493,2024-10-09,2.0444027181384388,2024-10-10,4.77,0.1,2024-11-06,2024-11-07,5.45,0.1425576519916143,20,take_profit,closed
002496,2024-10-10,2.9176982207774467,2024-10-11,2.08,0.1,2024-11-07,2024-11-08,2.56,0.23076923076923084,20,take_profit,closed
601211,2024-10-10,2.1515858269667736,2024-10-11,17.79,0.1,2024-11-07,2024-11-08,22.0,0.23664980326025864,20,take_profit,closed
601225,2024-10-08,2.784097386056608,2024-10-09,26.04,0.1,2024-11-11,2024-11-12,23.35,-0.10330261136712737,24,stop_loss,closed
002244,2024-11-13,2.473784476194943,2024-11-14,10.08,0.1,2024-11-15,2024-11-18,9.22,-0.08531746031746024,2,stop_loss,closed
000683,2024-11-08,2.239662492740755,2024-11-11,6.37,0.1,2024-11-18,2024-11-19,5.82,-0.08634222919937207,6,stop_loss,closed
301608,2024-11-05,2.3730984584282826,2024-11-06,66.38,0.008371969245806379,2024-11-22,2024-11-25,59.23,-0.1077131666164507,13,stop_loss,closed
300408,2024-11-12,2.1501424864996963,2024-11-13,37.61,0.1,2024-11-25,2024-11-26,34.44,-0.08428609412390331,9,stop_loss,closed
300476,2024-11-15,2.3781408618574065,2024-11-18,41.04,0.0934001092761982,2024-11-28,2024-11-29,37.1,-0.09600389863547754,9,stop_loss,closed
002653,2024-11-13,2.4123731241932083,2024-11-14,33.9,0.030169367124538205,2024-11-29,2024-12-02,39.01,0.15073746312684366,12,take_profit,closed
600029,2024-10-08,2.3730183792761608,2024-10-09,6.25,0.1,2024-12-10,2024-12-11,7.23,0.15680000000000005,45,take_profit,closed
000950,2024-10-10,2.192741899189307,2024-10-11,5.34,0.1,2024-12-12,2024-12-13,6.12,0.1460674157303372,45,take_profit,closed
300102,2024-11-26,2.7059018587345887,2024-11-27,10.67,0.09579015062715245,2024-12-12,2024-12-13,12.9,0.20899718837863168,12,take_profit,closed
605499,2024-10-10,2.868674555977049,2024-10-11,217.5,0.1,2024-12-13,2024-12-16,254.88,0.17186206896551726,46,take_profit,closed
603079,2024-11-28,2.4008159367558104,2024-11-29,15.28,0.0849984704786182,2024-12-13,2024-12-16,17.65,0.1551047120418847,11,take_profit,closed
688167,2024-11-29,2.149842931209938,2024-12-02,69.0,0.03536975704664979,2024-12-17,2024-12-18,65.77,-0.0468115942028986,12,stop_loss,closed
600988,2024-11-08,2.62620629141246,2024-11-11,17.31,0.1,2024-12-25,2024-12-26,15.87,-0.08318890814558055,33,stop_loss,closed
688535,2024-12-16,2.232633943870999,2024-12-17,72.5,0.09874107384953261,2024-12-26,2024-12-27,83.7,0.1544827586206896,8,take_profit,closed
688680,2024-11-22,2.4789512505754154,2024-11-25,37.25,0.0076338474740934095,2024-12-31,2025-01-02,33.86,-0.09100671140939598,27,stop_loss,closed
300046,2024-12-12,2.091964354909384,2024-12-13,39.52,0.1,2024-12-31,2025-01-02,35.72,-0.09615384615384626,13,stop_loss,closed
300484,2024-12-16,2.762945998664361,2024-12-17,22.63,0.1,2024-12-31,2025-01-02,20.74,-0.08351745470614236,11,stop_loss,closed
300623,2024-11-18,2.157423703536092,2024-11-19,35.3,0.09510610973761613,2025-01-02,2025-01-03,32.08,-0.09121813031161474,32,stop_loss,closed
688058,2024-12-17,2.3351273274302504,2024-12-18,29.85,0.032049502722318525,2025-01-02,2025-01-03,27.39,-0.0824120603015076,11,stop_loss,closed
002156,2024-12-10,2.368939716000987,2024-12-11,29.48,0.010590859637170354,2025-01-03,2025-01-06,26.1,-0.11465400271370418,17,stop_loss,closed
603005,2024-12-12,2.339539151964633,2024-12-13,27.8,0.1,2025-01-03,2025-01-06,24.54,-0.11726618705035974,15,stop_loss,closed
300359,2024-12-25,2.596581782595975,2024-12-26,5.48,0.0885290493863635,2025-01-03,2025-01-06,4.95,-0.09671532846715336,6,stop_loss,closed
000890,2024-12-26,2.6252317643278364,2024-12-27,3.27,0.011682066952997961,2025-01-03,2025-01-06,2.94,-0.10091743119266061,5,stop_loss,closed
600257,2024-12-26,2.828332278224821,2024-12-27,4.84,0.1,2025-01-06,2025-01-07,4.44,-0.0826446280991735,6,stop_loss,closed
002972,2024-09-27,2.2212541592074992,2024-09-30,10.27,0.1,2025-01-10,2025-01-13,9.39,-0.08568646543330083,69,stop_loss,closed
300310,2025-01-03,2.758277302117416,2025-01-06,6.57,0.1,2025-01-14,2025-01-15,7.54,0.14764079147640796,7,take_profit,closed
600463,2024-12-31,2.5044836289953376,2025-01-02,9.91,0.0947184075034429,2025-01-22,2025-01-23,8.99,-0.0928355196770938,15,stop_loss,closed
300364,2025-01-03,2.5038404914791066,2025-01-06,22.23,0.1,2025-02-05,2025-02-06,26.0,0.16959064327485374,17,take_profit,closed
688084,2025-01-03,2.0497379711352472,2025-01-06,50.38,0.1,2025-02-06,2025-02-07,57.5,0.14132592298531166,18,take_profit,closed
300562,2025-01-22,2.5222817093099072,2025-01-23,12.9,0.08772850456348173,2025-02-10,2025-02-11,14.89,0.15426356589147283,7,take_profit,closed
001330,2025-02-05,2.9202270515636863,2025-02-06,5.06,0.1,2025-02-13,2025-02-14,6.33,0.2509881422924902,6,take_profit,closed
603358,2024-09-27,2.133734763994977,2024-09-30,32.0,0.1,2025-02-19,2025-02-20,37.57,0.1740625,91,take_profit,closed
688362,2025-02-14,2.8123773670942613,2025-02-17,29.0,0.01619244318410022,2025-02-19,2025-02-20,33.65,0.16034482758620694,3,take_profit,closed
300175,2025-01-06,2.5335278852991783,2025-01-07,5.1,0.1,2025-02-24,2025-02-25,6.58,0.29019607843137263,29,take_profit,closed
300769,2025-01-06,2.183804212020099,2025-01-07,31.5,0.024244338014666227,2025-02-24,2025-02-25,35.88,0.1390476190476191,29,take_profit,closed
600219,2024-12-12,2.078607664720746,2024-12-13,4.11,0.007889448124488913,2025-02-25,2025-02-26,3.78,-0.08029197080291983,46,stop_loss,closed
002851,2025-02-05,2.2755776776925454,2025-02-06,56.0,0.011915114960986052,2025-02-28,2025-03-03,50.87,-0.09160714285714289,17,stop_loss,closed
603823,2025-01-14,2.4058358697979045,2025-01-15,9.19,0.009306118502341462,2025-03-03,2025-03-04,11.04,0.2013057671381937,28,take_profit,closed
600151,2025-01-10,2.228089068483761,2025-01-13,6.59,0.08433385673707332,2025-03-07,2025-03-10,8.0,0.2139605462822458,34,take_profit,closed
603988,2025-02-25,2.500979501000965,2025-02-26,20.06,0.1,2025-03-19,2025-03-20,23.07,0.15004985044865404,16,take_profit,closed
301446,2025-02-19,2.155028453301409,2025-02-20,20.61,0.014535499707510113,2025-03-21,2025-03-24,24.24,0.17612809315866085,22,take_profit,closed
301076,2025-03-03,2.1589061517056924,2025-03-04,31.29,0.01008458396624439,2025-03-21,2025-03-24,28.48,-0.08980504953659307,14,stop_loss,closed
600563,2024-12-10,2.492458027441316,2024-12-11,121.0,0.1,2025-03-27,2025-03-28,110.35,-0.08801652892561984,70,stop_loss,closed
688443,2025-02-13,2.560858893189782,2025-02-14,23.87,0.1,2025-03-27,2025-03-28,27.8,0.16464180980310017,30,take_profit,closed
300949,2025-02-28,3.119295256387126,2025-03-03,35.76,0.009816681325200883,2025-03-27,2025-03-28,32.75,-0.08417225950782992,19,stop_loss,closed
002829,2025-03-19,2.135835855412001,2025-03-20,19.97,0.008802677367260656,2025-03-31,2025-04-01,18.37,-0.08012018027040546,8,stop_loss,closed
300814,2025-03-21,2.5228949965541787,2025-03-24,33.96,0.024943550105678905,2025-04-03,2025-04-07,27.37,-0.1940518256772673,9,stop_loss,closed
601233,2024-10-31,2.603958910070982,2024-11-01,11.74,0.09007692006734724,2025-04-07,2025-04-08,10.15,-0.13543441226575803,104,stop_loss,closed
002587,2024-12-31,3.113642978243289,2025-01-02,5.98,0.1,2025-04-07,2025-04-08,4.99,-0.16555183946488294,61,stop_loss,closed
300422,2025-02-06,2.787820330657972,2025-02-07,4.25,0.1,2025-04-07,2025-04-08,3.62,-0.14823529411764702,41,stop_loss,closed
001323,2025-02-06,2.3304502893584624,2025-02-07,34.74,0.006886047164504459,2025-04-07,2025-04-08,30.52,-0.12147380541162933,41,stop_loss,closed
301522,2025-02-25,2.016105013535113,2025-02-26,35.98,0.04310713074730485,2025-04-07,2025-04-08,30.94,-0.140077821011673,28,stop_loss,closed
600606,2025-03-07,2.3118201488987484,2025-03-10,1.87,0.08665894696728234,2025-04-07,2025-04-08,1.64,-0.12299465240641716,20,stop_loss,closed
600990,2025-03-19,2.501218530575922,2025-03-20,21.66,0.1,2025-04-07,2025-04-08,18.19,-0.16020313942751607,12,stop_loss,closed
300488,2025-03-27,2.2619226059462045,2025-03-28,38.36,0.1,2025-04-07,2025-04-08,28.83,-0.24843587069864448,6,stop_loss,closed
300296,2025-03-27,2.142424621713092,2025-03-28,6.87,0.09931514294536832,2025-04-07,2025-04-08,5.18,-0.24599708879184867,6,stop_loss,closed
002865,2025-04-01,3.962285346762246,2025-04-02,46.2,0.008386581517191986,2025-04-07,2025-04-08,39.0,-0.1558441558441559,3,stop_loss,closed
603713,2025-02-11,2.3916323564423605,2025-02-12,49.3,0.09532190915221915,2025-04-08,2025-04-09,44.41,-0.09918864097363089,39,stop_loss,closed
601231,2025-04-03,2.477226579442144,2025-04-07,14.25,0.021818262423118597,2025-04-08,2025-04-09,11.97,-0.15999999999999992,2,stop_loss,closed
600694,2025-02-19,2.4388237150208303,2025-02-20,23.3,0.1,2025-04-10,2025-04-11,26.65,0.14377682403433467,35,take_profit,closed
300465,2025-04-07,2.4450157880076224,2025-04-08,12.2,0.1,2025-04-10,2025-04-11,14.06,0.15245901639344273,3,take_profit,closed
688244,2025-04-08,2.661552147003552,2025-04-09,33.78,0.01300421981863758,2025-04-10,2025-04-11,39.56,0.17110716400236825,2,take_profit,closed
002793,2025-01-14,3.032270615187545,2025-01-15,3.79,0.1,2025-04-15,2025-04-15,4.09,0.079155672823219,57,sample_end,closed
300459,2025-04-07,2.736830455052888,2025-04-08,4.45,0.1,2025-04-15,2025-04-15,5.06,0.13707865168539302,5,sample_end,closed
301121,2025-04-07,2.309837437180028,2025-04-08,46.06,0.1,2025-04-15,2025-04-15,51.52,0.11854103343465039,5,sample_end,closed
301536,2025-04-07,2.271869501730265,2025-04-08,48.72,0.1,2025-04-15,2025-04-15,56.16,0.15270935960591125,5,sample_end,closed
300885,2025-04-07,2.250028139458249,2025-04-08,10.7,0.1,2025-04-15,2025-04-15,12.25,0.14485981308411233,5,sample_end,closed
301308,2025-04-07,2.197067043260804,2025-04-08,74.19,0.1,2025-04-15,2025-04-15,79.73,0.07467313654131291,5,sample_end,closed
300560,2025-04-07,2.179455945871597,2025-04-08,10.21,0.07464262310200408,2025-04-15,2025-04-15,11.64,0.14005876591576882,5,sample_end,closed
002273,2025-04-08,2.6959966755139777,2025-04-09,16.07,0.1,2025-04-15,2025-04-15,18.64,0.15992532669570636,4,sample_end,closed
